Nom,Lien
Khamrah,https://www.fragrantica.fr/parfum/Lattafa-Perfumes/Khamrah-75805.html
Le Male Elixir,https://www.fragrantica.fr/parfum/Jean-Paul-Gaultier/Le-Male-Elixir-81642.html
Angels' Share,https://www.fragrantica.fr/parfum/By-Kilian/Angels-Share-62615.html
Le Male Le Parfum,https://www.fragrantica.fr/parfum/Jean-Paul-Gaultier/Le-Male-Le-Parfum-61856.html
XJ 1861 Naxos,https://www.fragrantica.fr/parfum/Xerjoff/XJ-1861-Naxos-30529.html
Emporio Armani Stronger With You Intensely,https://www.fragrantica.fr/parfum/Giorgio-Armani/Emporio-Armani-Stronger-With-You-Intensely-52802.html
By the Fireplace,https://www.fragrantica.fr/parfum/Maison-Martin-Margiela/By-the-Fireplace-31623.html
Le Beau Le Parfum,https://www.fragrantica.fr/parfum/Jean-Paul-Gaultier/Le-Beau-Le-Parfum-72158.html
Y Eau de Parfum,https://www.fragrantica.fr/parfum/Yves-Saint-Laurent/Y-Eau-de-Parfum-50757.html
Bianco Latte,https://www.fragrantica.fr/parfum/Giardini-Di-Toscana/Bianco-Latte-64757.html
Dior Homme Intense 2011,https://www.fragrantica.fr/parfum/Dior/Dior-Homme-Intense-2011-13016.html
Baccarat Rouge 540,https://www.fragrantica.fr/parfum/Maison-Francis-Kurkdjian/Baccarat-Rouge-540-33519.html
9pm,https://www.fragrantica.fr/parfum/Afnan/9pm-65414.html
Tobacco Vanille,https://www.fragrantica.fr/parfum/Tom-Ford/Tobacco-Vanille-1825.html
Jazz Club,https://www.fragrantica.fr/parfum/Maison-Martin-Margiela/Jazz-Club-20541.html
Goddess,https://www.fragrantica.fr/parfum/Burberry/Goddess-83483.html
Layton,https://www.fragrantica.fr/parfum/Parfums-de-Marly/Layton-39314.html
Eros,https://www.fragrantica.fr/parfum/Versace/Eros-16657.html
Devotion,https://www.fragrantica.fr/parfum/Dolce-Gabbana/Devotion-84951.html
Spicebomb Extreme,https://www.fragrantica.fr/parfum/Viktor-Rolf/Spicebomb-Extreme-30499.html
Versace Pour Homme Dylan Blue,https://www.fragrantica.fr/parfum/Versace/Versace-Pour-Homme-Dylan-Blue-40031.html
Bleu de Chanel Eau de Parfum,https://www.fragrantica.fr/parfum/Chanel/Bleu-de-Chanel-Eau-de-Parfum-25967.html
Club de Nuit Intense Man,https://www.fragrantica.fr/parfum/Armaf/Club-de-Nuit-Intense-Man-34696.html
Aventus,https://www.fragrantica.fr/parfum/Creed/Aventus-9828.html
Black Opium,https://www.fragrantica.fr/parfum/Yves-Saint-Laurent/Black-Opium-25324.html
Sauvage,https://www.fragrantica.fr/parfum/Dior/Sauvage-31861.html
Sauvage Elixir,https://www.fragrantica.fr/parfum/Dior/Sauvage-Elixir-68415.html
Valentino Uomo Born In Roma Intense,https://www.fragrantica.fr/parfum/Valentino/Valentino-Uomo-Born-In-Roma-Intense-78740.html
Eros Flame,https://www.fragrantica.fr/parfum/Versace/Eros-Flame-52180.html
Althaïr,https://www.fragrantica.fr/parfum/Parfums-de-Marly/Althair-84109.html
Khamrah Qahwa,https://www.fragrantica.fr/parfum/Lattafa-Perfumes/Khamrah-Qahwa-88175.html
Grand Soir,https://www.fragrantica.fr/parfum/Maison-Francis-Kurkdjian/Grand-Soir-40816.html
Erba Pura,https://www.fragrantica.fr/parfum/Xerjoff/Erba-Pura-55157.html
Le Beau Paradise Garden,https://www.fragrantica.fr/parfum/Jean-Paul-Gaultier/Le-Beau-Paradise-Garden-88836.html
Asad,https://www.fragrantica.fr/parfum/Lattafa-Perfumes/Asad-72821.html
Imagination,https://www.fragrantica.fr/parfum/Louis-Vuitton/Imagination-67370.html
Ultra Male,https://www.fragrantica.fr/parfum/Jean-Paul-Gaultier/Ultra-Male-30947.html
The Most Wanted Parfum,https://www.fragrantica.fr/parfum/Azzaro/The-Most-Wanted-Parfum-73664.html
Lost Cherry,https://www.fragrantica.fr/parfum/Tom-Ford/Lost-Cherry-51411.html
Good Girl,https://www.fragrantica.fr/parfum/Carolina-Herrera/Good-Girl-39681.html
Libre,https://www.fragrantica.fr/parfum/Yves-Saint-Laurent/Libre-56077.html
Yara,https://www.fragrantica.fr/parfum/Lattafa-Perfumes/Yara-76880.html
Ombré Leather (2018),https://www.fragrantica.fr/parfum/Tom-Ford/Ombre-Leather-2018-50239.html
Versace Pour Homme,https://www.fragrantica.fr/parfum/Versace/Versace-Pour-Homme-2318.html
Explorer,https://www.fragrantica.fr/parfum/Montblanc/Explorer-52002.html
Terre d'Hermès,https://www.fragrantica.fr/parfum/Hermes/Terre-d-Hermes-17.html
Gentleman Eau de Parfum Reserve Privée,https://www.fragrantica.fr/parfum/Givenchy/Gentleman-Eau-de-Parfum-Reserve-Privee-71272.html
Nautica Voyage,https://www.fragrantica.fr/parfum/Nautica/Nautica-Voyage-913.html
Arabians Tonka,https://www.fragrantica.fr/parfum/Montale/Arabians-Tonka-57384.html
Acqua di Giò Profondo,https://www.fragrantica.fr/parfum/Giorgio-Armani/Acqua-di-Gio-Profondo-59532.html
MYSLF Eau de Parfum,https://www.fragrantica.fr/parfum/Yves-Saint-Laurent/MYSLF-Eau-de-Parfum-84094.html
Bois Impérial,https://www.fragrantica.fr/parfum/Essential-Parfums/Bois-Imperial-64338.html
Hawas for Him,https://www.fragrantica.fr/parfum/Rasasi/Hawas-for-Him-46890.html
Vanilla 28,https://www.fragrantica.fr/parfum/Kayali-Fragrances/Vanilla-28-52616.html
Black Orchid,https://www.fragrantica.fr/parfum/Tom-Ford/Black-Orchid-1018.html
The Most Wanted,https://www.fragrantica.fr/parfum/Azzaro/The-Most-Wanted-66826.html
Cedrat Boise,https://www.fragrantica.fr/parfum/Mancera/Cedrat-Boise-15211.html
Encre Noire,https://www.fragrantica.fr/parfum/Lalique/Encre-Noire-1834.html
Side Effect,https://www.fragrantica.fr/parfum/Initio-Parfums-Prives/Side-Effect-42260.html
Instant Crush,https://www.fragrantica.fr/parfum/Mancera/Instant-Crush-54885.html
Acqua di Gio,https://www.fragrantica.fr/parfum/Giorgio-Armani/Acqua-di-Gio-410.html
Prada L'Homme,https://www.fragrantica.fr/parfum/Prada/Prada-L-Homme-39029.html
Amore Caffè,https://www.fragrantica.fr/parfum/Mancera/Amore-Caffe-87409.html
Le Male,https://www.fragrantica.fr/parfum/Jean-Paul-Gaultier/Le-Male-430.html
Burberry Her,https://www.fragrantica.fr/parfum/Burberry/Burberry-Her-51694.html
Babycat,https://www.fragrantica.fr/parfum/Yves-Saint-Laurent/Babycat-73149.html
Bal d'Afrique,https://www.fragrantica.fr/parfum/Byredo/Bal-d-Afrique-6458.html
La Nuit de l'Homme,https://www.fragrantica.fr/parfum/Yves-Saint-Laurent/La-Nuit-de-l-Homme-5521.html
Eilish,https://www.fragrantica.fr/parfum/Billie-Eilish/Eilish-70052.html
La Vie Est Belle,https://www.fragrantica.fr/parfum/Lancome/La-Vie-Est-Belle-14982.html
Hypnotic Poison,https://www.fragrantica.fr/parfum/Dior/Hypnotic-Poison-219.html
Eclaire,https://www.fragrantica.fr/parfum/Lattafa-Perfumes/Eclaire-93628.html
Delina,https://www.fragrantica.fr/parfum/Parfums-de-Marly/Delina-43871.html
Bade'e Al Oud Honor & Glory,https://www.fragrantica.fr/parfum/Lattafa-Perfumes/Bade-e-Al-Oud-Honor-Glory-84302.html
Oud Wood,https://www.fragrantica.fr/parfum/Tom-Ford/Oud-Wood-1826.html
Red Tobacco,https://www.fragrantica.fr/parfum/Mancera/Red-Tobacco-46663.html
Ani,https://www.fragrantica.fr/parfum/Nishane/Ani-54785.html
The One for Men Eau de Parfum,https://www.fragrantica.fr/parfum/Dolce-Gabbana/The-One-for-Men-Eau-de-Parfum-31909.html
Alien,https://www.fragrantica.fr/parfum/Mugler/Alien-707.html
Light Blue,https://www.fragrantica.fr/parfum/Dolce-Gabbana/Light-Blue-485.html
Acqua di Giò Profumo,https://www.fragrantica.fr/parfum/Giorgio-Armani/Acqua-di-Gio-Profumo-29727.html
Love Don't Be Shy,https://www.fragrantica.fr/parfum/By-Kilian/Love-Don-t-Be-Shy-4322.html
Lira,https://www.fragrantica.fr/parfum/Xerjoff/Lira-11801.html
Cheirosa '62,https://www.fragrantica.fr/parfum/Sol-de-Janeiro/Cheirosa-62-56062.html
Ganymede,https://www.fragrantica.fr/parfum/Marc-Antoine-Barrois/Ganymede-54720.html
Prada Paradoxe,https://www.fragrantica.fr/parfum/Prada/Prada-Paradoxe-75668.html
Le Beau,https://www.fragrantica.fr/parfum/Jean-Paul-Gaultier/Le-Beau-55785.html
Cloud,https://www.fragrantica.fr/parfum/Ariana-Grande/Cloud-50384.html
Torino21,https://www.fragrantica.fr/parfum/Xerjoff/Torino21-70424.html
Valentino Donna Born In Roma,https://www.fragrantica.fr/parfum/Valentino/Valentino-Donna-Born-In-Roma-55805.html
Hacivat,https://www.fragrantica.fr/parfum/Nishane/Hacivat-44174.html
Santal 33,https://www.fragrantica.fr/parfum/Le-Labo/Santal-33-12201.html
Guidance,https://www.fragrantica.fr/parfum/Amouage/Guidance-78656.html
Gris Charnel,https://www.fragrantica.fr/parfum/BDK-Parfums/Gris-Charnel-57038.html
Emporio Armani Stronger With You Absolutely,https://www.fragrantica.fr/parfum/Giorgio-Armani/Emporio-Armani-Stronger-With-You-Absolutely-64501.html
Noir Extreme,https://www.fragrantica.fr/parfum/Tom-Ford/Noir-Extreme-29675.html
Sauvage Eau de Parfum,https://www.fragrantica.fr/parfum/Dior/Sauvage-Eau-de-Parfum-48100.html
Blanche Bête,https://www.fragrantica.fr/parfum/Les-Liquides-Imaginaires/Blanche-Bete-70189.html
Tonka Cola,https://www.fragrantica.fr/parfum/Mancera/Tonka-Cola-76893.html
Oud Maracujá,https://www.fragrantica.fr/parfum/Maison-Crivelli/Oud-Maracuja-83842.html
Light Blue Eau Intense Pour Homme,https://www.fragrantica.fr/parfum/Dolce-Gabbana/Light-Blue-Eau-Intense-Pour-Homme-44035.html
1 Million,https://www.fragrantica.fr/parfum/Rabanne/1-Million-3747.html
Oud Satin Mood,https://www.fragrantica.fr/parfum/Maison-Francis-Kurkdjian/Oud-Satin-Mood-30352.html
Black Opium Over Red,https://www.fragrantica.fr/parfum/Yves-Saint-Laurent/Black-Opium-Over-Red-88707.html
Black Phantom,https://www.fragrantica.fr/parfum/By-Kilian/Black-Phantom-43632.html
Greenley,https://www.fragrantica.fr/parfum/Parfums-de-Marly/Greenley-62101.html
CK One,https://www.fragrantica.fr/parfum/Calvin-Klein/CK-One-276.html
Valentino Uomo Born In Roma Coral Fantasy,https://www.fragrantica.fr/parfum/Valentino/Valentino-Uomo-Born-In-Roma-Coral-Fantasy-71761.html
Yum Pistachio Gelato | 33,https://www.fragrantica.fr/parfum/Kayali-Fragrances/Yum-Pistachio-Gelato-33-79846.html
Wood Sage & Sea Salt,https://www.fragrantica.fr/parfum/Jo-Malone-London/Wood-Sage-Sea-Salt-25529.html
Nebras,https://www.fragrantica.fr/parfum/Lattafa-Perfumes/Nebras-78560.html
Megamare,https://www.fragrantica.fr/parfum/Orto-Parisi/Megamare-53471.html
Another 13,https://www.fragrantica.fr/parfum/Le-Labo/Another-13-10131.html
Acqua di Giò Parfum,https://www.fragrantica.fr/parfum/Giorgio-Armani/Acqua-di-Gio-Parfum-81508.html
Libre Intense,https://www.fragrantica.fr/parfum/Yves-Saint-Laurent/Libre-Intense-62318.html
Dior Homme Parfum,https://www.fragrantica.fr/parfum/Dior/Dior-Homme-Parfum-27417.html
Not A Perfume,https://www.fragrantica.fr/parfum/Juliette-Has-A-Gun/Not-A-Perfume-10296.html
Angel,https://www.fragrantica.fr/parfum/Mugler/Angel-704.html
Burberry Her Elixir de Parfum,https://www.fragrantica.fr/parfum/Burberry/Burberry-Her-Elixir-de-Parfum-75968.html
You,https://www.fragrantica.fr/parfum/Glossier/You-46885.html
Bade'e Al Oud Oud for Glory,https://www.fragrantica.fr/parfum/Lattafa-Perfumes/Bade-e-Al-Oud-Oud-for-Glory-64948.html
Vanilla Sex,https://www.fragrantica.fr/parfum/Tom-Ford/Vanilla-Sex-88588.html
Crystal Noir,https://www.fragrantica.fr/parfum/Versace/Crystal-Noir-631.html
Good Girl Blush,https://www.fragrantica.fr/parfum/Carolina-Herrera/Good-Girl-Blush-78576.html
Herod,https://www.fragrantica.fr/parfum/Parfums-de-Marly/Herod-16939.html
L'Eau d'Issey Pour Homme,https://www.fragrantica.fr/parfum/Issey-Miyake/L-Eau-d-Issey-Pour-Homme-721.html
Baccarat Rouge 540 Extrait de Parfum,https://www.fragrantica.fr/parfum/Maison-Francis-Kurkdjian/Baccarat-Rouge-540-Extrait-de-Parfum-46066.html
Coco Mademoiselle,https://www.fragrantica.fr/parfum/Chanel/Coco-Mademoiselle-611.html
Alexandria II,https://www.fragrantica.fr/parfum/Xerjoff/Alexandria-II-17786.html
Oajan,https://www.fragrantica.fr/parfum/Parfums-de-Marly/Oajan-21548.html
Valentino Uomo Born in Roma,https://www.fragrantica.fr/parfum/Valentino/Valentino-Uomo-Born-in-Roma-55963.html
Portrait of a Lady,https://www.fragrantica.fr/parfum/Frederic-Malle/Portrait-of-a-Lady-10464.html
Invictus,https://www.fragrantica.fr/parfum/Rabanne/Invictus-18471.html
God of Fire,https://www.fragrantica.fr/parfum/Stephane-Humbert-Lucas-777/God-of-Fire-72381.html
Ombre Nomade,https://www.fragrantica.fr/parfum/Louis-Vuitton/Ombre-Nomade-49755.html
Pacific Chill,https://www.fragrantica.fr/parfum/Louis-Vuitton/Pacific-Chill-81423.html
Allure Homme Sport Eau Extreme,https://www.fragrantica.fr/parfum/Chanel/Allure-Homme-Sport-Eau-Extreme-14669.html
Cool Water,https://www.fragrantica.fr/parfum/Davidoff/Cool-Water-507.html
Bleu de Chanel Parfum,https://www.fragrantica.fr/parfum/Chanel/Bleu-de-Chanel-Parfum-49912.html
Qaed Al Fursan,https://www.fragrantica.fr/parfum/Lattafa-Perfumes/Qaed-Al-Fursan-67996.html
Armani Code Parfum,https://www.fragrantica.fr/parfum/Giorgio-Armani/Armani-Code-Parfum-75126.html
Toy Boy,https://www.fragrantica.fr/parfum/Moschino/Toy-Boy-55858.html
Black Afgano,https://www.fragrantica.fr/parfum/Nasomatto/Black-Afgano-6472.html
L'Eau Papier,https://www.fragrantica.fr/parfum/Diptyque/L-Eau-Papier-78658.html
Valaya,https://www.fragrantica.fr/parfum/Parfums-de-Marly/Valaya-78574.html
Invictus Victory Elixir,https://www.fragrantica.fr/parfum/Rabanne/Invictus-Victory-Elixir-78575.html
Legend Spirit,https://www.fragrantica.fr/parfum/Montblanc/Legend-Spirit-33443.html
My Way,https://www.fragrantica.fr/parfum/Giorgio-Armani/My-Way-62036.html
This is Her,https://www.fragrantica.fr/parfum/Zadig-Voltaire/This-is-Her-39358.html
Scandal Pour Homme,https://www.fragrantica.fr/parfum/Jean-Paul-Gaultier/Scandal-Pour-Homme-68074.html
Flowerbomb,https://www.fragrantica.fr/parfum/Viktor-Rolf/Flowerbomb-1460.html
Oud for Greatness,https://www.fragrantica.fr/parfum/Initio-Parfums-Prives/Oud-for-Greatness-53641.html
Alien Goddess,https://www.fragrantica.fr/parfum/Mugler/Alien-Goddess-68354.html
La Belle,https://www.fragrantica.fr/parfum/Jean-Paul-Gaultier/La-Belle-55786.html
L’Homme Idéal Eau de Parfum,https://www.fragrantica.fr/parfum/Guerlain/L-Homme-Ideal-Eau-de-Parfum-37735.html
J'adore,https://www.fragrantica.fr/parfum/Dior/J-adore-210.html
Gentle Fluidity Gold,https://www.fragrantica.fr/parfum/Maison-Francis-Kurkdjian/Gentle-Fluidity-Gold-53401.html
Mojave Ghost,https://www.fragrantica.fr/parfum/Byredo/Mojave-Ghost-27040.html
Fakhar Black,https://www.fragrantica.fr/parfum/Lattafa-Perfumes/Fakhar-Black-70465.html
Chloé Eau de Parfum,https://www.fragrantica.fr/parfum/Chloe/Chloe-Eau-de-Parfum-1733.html
Turathi Blue,https://www.fragrantica.fr/parfum/Afnan/Turathi-Blue-70839.html
Sedley,https://www.fragrantica.fr/parfum/Parfums-de-Marly/Sedley-56273.html
Hibiscus Mahajád,https://www.fragrantica.fr/parfum/Maison-Crivelli/Hibiscus-Mahajad-69069.html
Bleu de Chanel,https://www.fragrantica.fr/parfum/Chanel/Bleu-de-Chanel-9099.html
Gypsy Water,https://www.fragrantica.fr/parfum/Byredo/Gypsy-Water-3575.html
Soleil Blanc,https://www.fragrantica.fr/parfum/Tom-Ford/Soleil-Blanc-34893.html
Fahrenheit,https://www.fragrantica.fr/parfum/Dior/Fahrenheit-228.html
Eros Eau de Parfum,https://www.fragrantica.fr/parfum/Versace/Eros-Eau-de-Parfum-62762.html
Silver Mountain Water,https://www.fragrantica.fr/parfum/Creed/Silver-Mountain-Water-472.html
Reflection Man,https://www.fragrantica.fr/parfum/Amouage/Reflection-Man-920.html
Green Irish Tweed,https://www.fragrantica.fr/parfum/Creed/Green-Irish-Tweed-474.html
Idôle,https://www.fragrantica.fr/parfum/Lancome/Idole-55795.html
Versace Man Eau Fraiche,https://www.fragrantica.fr/parfum/Versace/Versace-Man-Eau-Fraiche-644.html
Musc Ravageur,https://www.fragrantica.fr/parfum/Frederic-Malle/Musc-Ravageur-1801.html
Vanilla Candy Rock Sugar | 42,https://www.fragrantica.fr/parfum/Kayali-Fragrances/Vanilla-Candy-Rock-Sugar-42-92258.html
Delina Exclusif,https://www.fragrantica.fr/parfum/Parfums-de-Marly/Delina-Exclusif-50370.html
Lazy Sunday Morning,https://www.fragrantica.fr/parfum/Maison-Martin-Margiela/Lazy-Sunday-Morning-20542.html
Mon Guerlain,https://www.fragrantica.fr/parfum/Guerlain/Mon-Guerlain-43297.html
Amber Oud Gold Edition,https://www.fragrantica.fr/parfum/Al-Haramain-Perfumes/Amber-Oud-Gold-Edition-51816.html
Fucking Fabulous,https://www.fragrantica.fr/parfum/Tom-Ford/Fucking-Fabulous-46513.html
Ameer Al Oudh Intense Oud,https://www.fragrantica.fr/parfum/Lattafa-Perfumes/Ameer-Al-Oudh-Intense-Oud-64947.html
Emporio Armani Stronger With You,https://www.fragrantica.fr/parfum/Giorgio-Armani/Emporio-Armani-Stronger-With-You-45258.html
Cheirosa '71,https://www.fragrantica.fr/parfum/Sol-de-Janeiro/Cheirosa-71-63079.html
Philosykos Eau de Parfum,https://www.fragrantica.fr/parfum/Diptyque/Philosykos-Eau-de-Parfum-3865.html
Tilia,https://www.fragrantica.fr/parfum/Marc-Antoine-Barrois/Tilia-91688.html
French Riviera,https://www.fragrantica.fr/parfum/Mancera/French-Riviera-74636.html
Bright Crystal,https://www.fragrantica.fr/parfum/Versace/Bright-Crystal-632.html
Boss Bottled Elixir,https://www.fragrantica.fr/parfum/Hugo-Boss/Boss-Bottled-Elixir-84074.html
Wulóng Chá,https://www.fragrantica.fr/parfum/Nishane/Wulong-Cha-30567.html
Acqua di Parma Blu Mediterraneo - Fico di Amalfi,https://www.fragrantica.fr/parfum/Acqua-di-Parma/Acqua-di-Parma-Blu-Mediterraneo-Fico-di-Amalfi-1687.html
L'Interdit Eau de Parfum Rouge,https://www.fragrantica.fr/parfum/Givenchy/L-Interdit-Eau-de-Parfum-Rouge-68404.html
Kirke,https://www.fragrantica.fr/parfum/Tiziana-Terenzi/Kirke-32172.html
Sweet Tooth,https://www.fragrantica.fr/parfum/Sabrina-Carpenter/Sweet-Tooth-76824.html
Gris Charnel Extrait,https://www.fragrantica.fr/parfum/BDK-Parfums/Gris-Charnel-Extrait-73645.html
Musk Therapy,https://www.fragrantica.fr/parfum/Initio-Parfums-Prives/Musk-Therapy-66097.html
L'Interdit Eau de Parfum,https://www.fragrantica.fr/parfum/Givenchy/L-Interdit-Eau-de-Parfum-51488.html
Carlisle,https://www.fragrantica.fr/parfum/Parfums-de-Marly/Carlisle-33514.html
Terroni,https://www.fragrantica.fr/parfum/Orto-Parisi/Terroni-45475.html
Luna Rossa Black,https://www.fragrantica.fr/parfum/Prada/Luna-Rossa-Black-48682.html
Allure Homme Sport,https://www.fragrantica.fr/parfum/Chanel/Allure-Homme-Sport-607.html
Chance Eau Tendre,https://www.fragrantica.fr/parfum/Chanel/Chance-Eau-Tendre-8069.html
Y Le Parfum,https://www.fragrantica.fr/parfum/Yves-Saint-Laurent/Y-Le-Parfum-64718.html
Mercedes Benz Club Black,https://www.fragrantica.fr/parfum/Mercedes-Benz/Mercedes-Benz-Club-Black-46797.html
Teriaq,https://www.fragrantica.fr/parfum/Lattafa-Perfumes/Teriaq-89850.html
Tuxedo,https://www.fragrantica.fr/parfum/Yves-Saint-Laurent/Tuxedo-32269.html
Yara Tous,https://www.fragrantica.fr/parfum/Lattafa-Perfumes/Yara-Tous-83320.html
Bad Boy Cobalt Parfum Electrique,https://www.fragrantica.fr/parfum/Carolina-Herrera/Bad-Boy-Cobalt-Parfum-Electrique-71888.html
You Or Someone Like You,https://www.fragrantica.fr/parfum/Etat-Libre-d-Orange/You-Or-Someone-Like-You-43531.html
Fantasy,https://www.fragrantica.fr/parfum/Britney-Spears/Fantasy-600.html
Narcotic Delight,https://www.fragrantica.fr/parfum/Initio-Parfums-Prives/Narcotic-Delight-89368.html
Dior Homme 2020,https://www.fragrantica.fr/parfum/Dior/Dior-Homme-2020-58714.html
Gaultier Divine,https://www.fragrantica.fr/parfum/Jean-Paul-Gaultier/Gaultier-Divine-83889.html
Liam,https://www.fragrantica.fr/parfum/Lattafa-Perfumes/Liam-85097.html
Afternoon Swim,https://www.fragrantica.fr/parfum/Louis-Vuitton/Afternoon-Swim-53947.html
Blue Talisman,https://www.fragrantica.fr/parfum/Ex-Nihilo/Blue-Talisman-84224.html
Eden Sparkling Lychee | 39 Eau de Parfum,https://www.fragrantica.fr/parfum/Kayali-Fragrances/Eden-Sparkling-Lychee-39-Eau-de-Parfum-88197.html
Détour Noir,https://www.fragrantica.fr/parfum/Al-Haramain-Perfumes/Detour-Noir-70748.html
40 Knots,https://www.fragrantica.fr/parfum/Xerjoff/40-Knots-16445.html
La Belle Le Parfum,https://www.fragrantica.fr/parfum/Jean-Paul-Gaultier/La-Belle-Le-Parfum-65175.html
Chocolate Greedy,https://www.fragrantica.fr/parfum/Montale/Chocolate-Greedy-2186.html
Absolute Aphrodisiac,https://www.fragrantica.fr/parfum/Initio-Parfums-Prives/Absolute-Aphrodisiac-30989.html
Bake,https://www.fragrantica.fr/parfum/Akro/Bake-81614.html
1 Million Elixir,https://www.fragrantica.fr/parfum/Rabanne/1-Million-Elixir-71708.html
Beach Walk,https://www.fragrantica.fr/parfum/Maison-Martin-Margiela/Beach-Walk-15261.html
Coffee Break,https://www.fragrantica.fr/parfum/Maison-Martin-Margiela/Coffee-Break-55926.html
Liquid Brun,https://www.fragrantica.fr/parfum/French-Avenue/Liquid-Brun-94713.html
Intense Cafe,https://www.fragrantica.fr/parfum/Montale/Intense-Cafe-18021.html
1 Million Lucky,https://www.fragrantica.fr/parfum/Rabanne/1-Million-Lucky-48903.html
Apple Brandy on the Rocks,https://www.fragrantica.fr/parfum/By-Kilian/Apple-Brandy-on-the-Rocks-68326.html
Si,https://www.fragrantica.fr/parfum/Giorgio-Armani/Si-18453.html
Libre Le Parfum,https://www.fragrantica.fr/parfum/Yves-Saint-Laurent/Libre-Le-Parfum-75676.html
Dama Bianca,https://www.fragrantica.fr/parfum/Xerjoff/Dama-Bianca-15555.html
Italica (2021),https://www.fragrantica.fr/parfum/Xerjoff/Italica-2021-65383.html
Terre d'Hermes Eau Givree,https://www.fragrantica.fr/parfum/Hermes/Terre-d-Hermes-Eau-Givree-72439.html
Dior Homme Sport 2021,https://www.fragrantica.fr/parfum/Dior/Dior-Homme-Sport-2021-71326.html
Spicebomb,https://www.fragrantica.fr/parfum/Viktor-Rolf/Spicebomb-13857.html
Prada L'Homme Intense,https://www.fragrantica.fr/parfum/Prada/Prada-L-Homme-Intense-45396.html
Tony Iommi Monkey Special,https://www.fragrantica.fr/parfum/Xerjoff/Tony-Iommi-Monkey-Special-70789.html
Haltane,https://www.fragrantica.fr/parfum/Parfums-de-Marly/Haltane-70776.html
Boss Bottled,https://www.fragrantica.fr/parfum/Hugo-Boss/Boss-Bottled-383.html
Signature,https://www.fragrantica.fr/parfum/Montblanc/Signature-60962.html
Blanche,https://www.fragrantica.fr/parfum/Byredo/Blanche-6686.html
Bvlgari Man In Black,https://www.fragrantica.fr/parfum/Bvlgari/Bvlgari-Man-In-Black-26358.html
Milk,https://www.fragrantica.fr/parfum/Commodity/Milk-69191.html
Narciso Rodriguez For Her,https://www.fragrantica.fr/parfum/Narciso-Rodriguez/Narciso-Rodriguez-For-Her-209.html
Bitter Peach,https://www.fragrantica.fr/parfum/Tom-Ford/Bitter-Peach-62707.html
Virgin Island Water,https://www.fragrantica.fr/parfum/Creed/Virgin-Island-Water-899.html
Percival,https://www.fragrantica.fr/parfum/Parfums-de-Marly/Percival-51037.html
Tobacco Honey,https://www.fragrantica.fr/parfum/Guerlain/Tobacco-Honey-84518.html
Mod Vanilla,https://www.fragrantica.fr/parfum/Ariana-Grande/Mod-Vanilla-77799.html
Oriana,https://www.fragrantica.fr/parfum/Parfums-de-Marly/Oriana-69117.html
Wanted by Night,https://www.fragrantica.fr/parfum/Azzaro/Wanted-by-Night-49144.html
Hundred Silent Ways,https://www.fragrantica.fr/parfum/Nishane/Hundred-Silent-Ways-37602.html
Chergui,https://www.fragrantica.fr/parfum/Serge-Lutens/Chergui-2762.html
The Noir 29,https://www.fragrantica.fr/parfum/Le-Labo/The-Noir-29-31872.html
Scandal,https://www.fragrantica.fr/parfum/Jean-Paul-Gaultier/Scandal-45651.html
Bentley for Men Intense,https://www.fragrantica.fr/parfum/Bentley/Bentley-for-Men-Intense-17666.html
Dior Homme Cologne 2022,https://www.fragrantica.fr/parfum/Dior/Dior-Homme-Cologne-2022-72062.html
Miss Dior Eau de Parfum (2021),https://www.fragrantica.fr/parfum/Dior/Miss-Dior-Eau-de-Parfum-2021-68905.html
Eros Energy,https://www.fragrantica.fr/parfum/Versace/Eros-Energy-92647.html
Luna Rossa Carbon,https://www.fragrantica.fr/parfum/Prada/Luna-Rossa-Carbon-43402.html
Very Good Girl,https://www.fragrantica.fr/parfum/Carolina-Herrera/Very-Good-Girl-65560.html
Choco Musk Eau de Parfum,https://www.fragrantica.fr/parfum/Al-Rehab/Choco-Musk-Eau-de-Parfum-88083.html
Paragon,https://www.fragrantica.fr/parfum/Initio-Parfums-Prives/Paragon-76580.html
Musc Noir Rose For Her,https://www.fragrantica.fr/parfum/Narciso-Rodriguez/Musc-Noir-Rose-For-Her-71596.html
Chanel No 5 Eau de Parfum,https://www.fragrantica.fr/parfum/Chanel/Chanel-No-5-Eau-de-Parfum-40069.html
Maahir Legacy,https://www.fragrantica.fr/parfum/Lattafa-Perfumes/Maahir-Legacy-82727.html
Orphéon Eau de Parfum,https://www.fragrantica.fr/parfum/Diptyque/Orpheon-Eau-de-Parfum-65738.html
English Pear & Freesia,https://www.fragrantica.fr/parfum/Jo-Malone-London/English-Pear-Freesia-10314.html
Gentle Fluidity Silver,https://www.fragrantica.fr/parfum/Maison-Francis-Kurkdjian/Gentle-Fluidity-Silver-53400.html
Supremacy Not Only Intense,https://www.fragrantica.fr/parfum/Afnan/Supremacy-Not-Only-Intense-68271.html
Mon Paris,https://www.fragrantica.fr/parfum/Yves-Saint-Laurent/Mon-Paris-38914.html
Pegasus,https://www.fragrantica.fr/parfum/Parfums-de-Marly/Pegasus-16938.html
Neroli Portofino,https://www.fragrantica.fr/parfum/Tom-Ford/Neroli-Portofino-12192.html
Cheirosa '59,https://www.fragrantica.fr/parfum/Sol-de-Janeiro/Cheirosa-59-88722.html
Angel Nova,https://www.fragrantica.fr/parfum/Mugler/Angel-Nova-61519.html
Vanilla Powder,https://www.fragrantica.fr/parfum/Matiere-Premiere/Vanilla-Powder-84933.html
Elysium Pour Homme Parfum Cologne,https://www.fragrantica.fr/parfum/Roja-Dove/Elysium-Pour-Homme-Parfum-Cologne-46296.html
Euphoria,https://www.fragrantica.fr/parfum/Calvin-Klein/Euphoria-253.html
Olympéa,https://www.fragrantica.fr/parfum/Rabanne/Olympea-31666.html
Flora Gorgeous Gardenia,https://www.fragrantica.fr/parfum/Gucci/Flora-Gorgeous-Gardenia-68578.html
Smoking Hot,https://www.fragrantica.fr/parfum/By-Kilian/Smoking-Hot-84413.html
Green Tea,https://www.fragrantica.fr/parfum/Elizabeth-Arden/Green-Tea-83.html
Intense Cedrat Boise,https://www.fragrantica.fr/parfum/Mancera/Intense-Cedrat-Boise-72796.html
Erba Gold,https://www.fragrantica.fr/parfum/Xerjoff/Erba-Gold-76683.html
Cheirosa '68,https://www.fragrantica.fr/parfum/Sol-de-Janeiro/Cheirosa-68-73990.html
Molecule 01,https://www.fragrantica.fr/parfum/Escentric-Molecules/Molecule-01-845.html
Qaed Al Fursan Unlimited,https://www.fragrantica.fr/parfum/Lattafa-Perfumes/Qaed-Al-Fursan-Unlimited-82590.html
Halloween Man X,https://www.fragrantica.fr/parfum/Halloween/Halloween-Man-X-53215.html
Luna Rossa Ocean,https://www.fragrantica.fr/parfum/Prada/Luna-Rossa-Ocean-68753.html
The Ghost In The Shell,https://www.fragrantica.fr/parfum/Etat-Libre-d-Orange/The-Ghost-In-The-Shell-69412.html
Pink Sugar,https://www.fragrantica.fr/parfum/Aquolina/Pink-Sugar-975.html
Eternal Oud,https://www.fragrantica.fr/parfum/Lattafa-Perfumes/Eternal-Oud-78155.html
Y Eau de Parfum Intense,https://www.fragrantica.fr/parfum/Yves-Saint-Laurent/Y-Eau-de-Parfum-Intense-79243.html
Acqua di Gioia,https://www.fragrantica.fr/parfum/Giorgio-Armani/Acqua-di-Gioia-8442.html
L’Immensité,https://www.fragrantica.fr/parfum/Louis-Vuitton/L-Immensite-49751.html
Cheirosa '40,https://www.fragrantica.fr/parfum/Sol-de-Janeiro/Cheirosa-40-67527.html
Baraonda,https://www.fragrantica.fr/parfum/Nasomatto/Baraonda-40200.html
Scandal Pour Homme Le Parfum,https://www.fragrantica.fr/parfum/Jean-Paul-Gaultier/Scandal-Pour-Homme-Le-Parfum-74915.html
Guilty Elixir de Parfum pour Homme,https://www.fragrantica.fr/parfum/Gucci/Guilty-Elixir-de-Parfum-pour-Homme-84547.html
Prada Candy,https://www.fragrantica.fr/parfum/Prada/Prada-Candy-12426.html
Myrrh & Tonka,https://www.fragrantica.fr/parfum/Jo-Malone-London/Myrrh-Tonka-42027.html
Eau Duelle Eau de Toilette,https://www.fragrantica.fr/parfum/Diptyque/Eau-Duelle-Eau-de-Toilette-9241.html
Club de Nuit Blue Iconic,https://www.fragrantica.fr/parfum/Armaf/Club-de-Nuit-Blue-Iconic-78475.html
Valentino Donna Born In Roma Intense,https://www.fragrantica.fr/parfum/Valentino/Valentino-Donna-Born-In-Roma-Intense-78739.html
Pure Poison,https://www.fragrantica.fr/parfum/Dior/Pure-Poison-214.html
Interlude Man,https://www.fragrantica.fr/parfum/Amouage/Interlude-Man-15294.html
1 Million Parfum,https://www.fragrantica.fr/parfum/Rabanne/1-Million-Parfum-60035.html
Un Jardin Sur Le Nil,https://www.fragrantica.fr/parfum/Hermes/Un-Jardin-Sur-Le-Nil-18.html
Prada Paradoxe Intense,https://www.fragrantica.fr/parfum/Prada/Prada-Paradoxe-Intense-83988.html
Club de Nuit Untold,https://www.fragrantica.fr/parfum/Armaf/Club-de-Nuit-Untold-78476.html
Vanilla Vibes,https://www.fragrantica.fr/parfum/Juliette-Has-A-Gun/Vanilla-Vibes-54878.html
Escapade Gourmande,https://www.fragrantica.fr/parfum/Maison-Mataha/Escapade-Gourmande-72607.html
Encre Noire A L'Extreme,https://www.fragrantica.fr/parfum/Lalique/Encre-Noire-A-L-Extreme-32356.html
Fleur Narcotique,https://www.fragrantica.fr/parfum/Ex-Nihilo/Fleur-Narcotique-27571.html
Blue Jeans,https://www.fragrantica.fr/parfum/Versace/Blue-Jeans-637.html
La Nuit Trésor,https://www.fragrantica.fr/parfum/Lancome/La-Nuit-Tresor-29157.html
Black Opium Le Parfum,https://www.fragrantica.fr/parfum/Yves-Saint-Laurent/Black-Opium-Le-Parfum-78427.html
Bade'e Al Oud Sublime,https://www.fragrantica.fr/parfum/Lattafa-Perfumes/Bade-e-Al-Oud-Sublime-83309.html
The One for Men,https://www.fragrantica.fr/parfum/Dolce-Gabbana/The-One-for-Men-2056.html
Fleur de Peau Eau de Parfum,https://www.fragrantica.fr/parfum/Diptyque/Fleur-de-Peau-Eau-de-Parfum-48681.html
Bubble Bath,https://www.fragrantica.fr/parfum/Maison-Martin-Margiela/Bubble-Bath-60105.html
Vibrato,https://www.fragrantica.fr/parfum/Sospiro-Perfumes/Vibrato-75930.html
Moustache Eau de Parfum,https://www.fragrantica.fr/parfum/Rochas/Moustache-Eau-de-Parfum-52350.html
Roses Vanille,https://www.fragrantica.fr/parfum/Mancera/Roses-Vanille-15210.html
Absolu Aventus,https://www.fragrantica.fr/parfum/Creed/Absolu-Aventus-84112.html
Bade'e Al Oud Amethyst,https://www.fragrantica.fr/parfum/Lattafa-Perfumes/Bade-e-Al-Oud-Amethyst-68214.html
Nomade,https://www.fragrantica.fr/parfum/Chloe/Nomade-48434.html
Yum Boujee Marshmallow | 81,https://www.fragrantica.fr/parfum/Kayali-Fragrances/Yum-Boujee-Marshmallow-81-99254.html
Club de Nuit Sillage,https://www.fragrantica.fr/parfum/Armaf/Club-de-Nuit-Sillage-64105.html
Ingenious Ginger,https://www.fragrantica.fr/parfum/Goldfield-Banks-Australia/Ingenious-Ginger-81895.html
The Wedding Silk Santal | 36,https://www.fragrantica.fr/parfum/Kayali-Fragrances/The-Wedding-Silk-Santal-36-83208.html
Triumph Of Bacchus,https://www.fragrantica.fr/parfum/Argos/Triumph-Of-Bacchus-60777.html
Good Girl Gone Bad,https://www.fragrantica.fr/parfum/By-Kilian/Good-Girl-Gone-Bad-15924.html
Egoiste Platinum,https://www.fragrantica.fr/parfum/Chanel/Egoiste-Platinum-614.html
La Capitale,https://www.fragrantica.fr/parfum/Xerjoff/La-Capitale-55782.html
Scandal Pour Homme Absolu,https://www.fragrantica.fr/parfum/Jean-Paul-Gaultier/Scandal-Pour-Homme-Absolu-91053.html
Bergamask,https://www.fragrantica.fr/parfum/Orto-Parisi/Bergamask-24191.html
Viva la Juicy,https://www.fragrantica.fr/parfum/Juicy-Couture/Viva-la-Juicy-4410.html
Aoud Lemon Mint,https://www.fragrantica.fr/parfum/Mancera/Aoud-Lemon-Mint-39181.html
Choco Musk,https://www.fragrantica.fr/parfum/Al-Rehab/Choco-Musk-20139.html
Vintage Radio,https://www.fragrantica.fr/parfum/Lattafa-Perfumes/Vintage-Radio-89454.html
Shalimar Eau de Parfum,https://www.fragrantica.fr/parfum/Guerlain/Shalimar-Eau-de-Parfum-53.html
Halfeti,https://www.fragrantica.fr/parfum/Penhaligon-s/Halfeti-31396.html
African Leather,https://www.fragrantica.fr/parfum/Memo-Paris/African-Leather-31383.html
Sunrise On The Red Sand Dunes,https://www.fragrantica.fr/parfum/Zara/Sunrise-On-The-Red-Sand-Dunes-79102.html
Valentino Uomo Born In Roma Yellow Dream,https://www.fragrantica.fr/parfum/Valentino/Valentino-Uomo-Born-In-Roma-Yellow-Dream-64614.html
Irresistible Givenchy,https://www.fragrantica.fr/parfum/Givenchy/Irresistible-Givenchy-60891.html
Vanilla Diorama,https://www.fragrantica.fr/parfum/Dior/Vanilla-Diorama-68198.html
Kismet Angel,https://www.fragrantica.fr/parfum/Maison-Alhambra/Kismet-Angel-79015.html
Miss Dior Blooming Bouquet,https://www.fragrantica.fr/parfum/Dior/Miss-Dior-Blooming-Bouquet-23280.html
Lovefest Burning Cherry | 48 Eau de Parfum,https://www.fragrantica.fr/parfum/Kayali-Fragrances/Lovefest-Burning-Cherry-48-Eau-de-Parfum-75661.html
Fame,https://www.fragrantica.fr/parfum/Rabanne/Fame-74962.html
XJ 1861 Renaissance,https://www.fragrantica.fr/parfum/Xerjoff/XJ-1861-Renaissance-12126.html
9am Dive,https://www.fragrantica.fr/parfum/Afnan/9am-Dive-78611.html
Eden Juicy Apple | 01 Eau De Parfum,https://www.fragrantica.fr/parfum/Kayali-Fragrances/Eden-Juicy-Apple-01-Eau-De-Parfum-70875.html
Valentino Donna Born in Roma Green Stravaganza,https://www.fragrantica.fr/parfum/Valentino/Valentino-Donna-Born-in-Roma-Green-Stravaganza-88988.html
Sweet Like Candy,https://www.fragrantica.fr/parfum/Ariana-Grande/Sweet-Like-Candy-39970.html
La Nuit de L'Homme Bleu Électrique,https://www.fragrantica.fr/parfum/Yves-Saint-Laurent/La-Nuit-de-L-Homme-Bleu-Electrique-67997.html
Gucci Bloom,https://www.fragrantica.fr/parfum/Gucci/Gucci-Bloom-44894.html
Rehab,https://www.fragrantica.fr/parfum/Initio-Parfums-Prives/Rehab-50351.html
Light Blue pour Homme,https://www.fragrantica.fr/parfum/Dolce-Gabbana/Light-Blue-pour-Homme-1068.html
Pure Musc For Her,https://www.fragrantica.fr/parfum/Narciso-Rodriguez/Pure-Musc-For-Her-53441.html
Phantom,https://www.fragrantica.fr/parfum/Rabanne/Phantom-68226.html
Rouge Smoking,https://www.fragrantica.fr/parfum/BDK-Parfums/Rouge-Smoking-51468.html
Tuscan Leather,https://www.fragrantica.fr/parfum/Tom-Ford/Tuscan-Leather-1849.html
Daisy,https://www.fragrantica.fr/parfum/Marc-Jacobs/Daisy-1361.html
DKNY Be Delicious,https://www.fragrantica.fr/parfum/Donna-Karan/DKNY-Be-Delicious-498.html
Valentino Uomo Born in Roma Green Stravaganza,https://www.fragrantica.fr/parfum/Valentino/Valentino-Uomo-Born-in-Roma-Green-Stravaganza-88989.html
Spiritueuse Double Vanille,https://www.fragrantica.fr/parfum/Guerlain/Spiritueuse-Double-Vanille-3345.html
Gentleman Eau de Parfum,https://www.fragrantica.fr/parfum/Givenchy/Gentleman-Eau-de-Parfum-48476.html
Bee,https://www.fragrantica.fr/parfum/Zoologist-Perfumes/Bee-58140.html
I Want Choo,https://www.fragrantica.fr/parfum/Jimmy-Choo/I-Want-Choo-64015.html
Ari,https://www.fragrantica.fr/parfum/Ariana-Grande/Ari-31661.html
Ambassador Men,https://www.fragrantica.fr/parfum/Gisada/Ambassador-Men-58226.html
The Matcha 26,https://www.fragrantica.fr/parfum/Le-Labo/The-Matcha-26-69731.html
Armani Code,https://www.fragrantica.fr/parfum/Giorgio-Armani/Armani-Code-412.html
Matcha Meditation,https://www.fragrantica.fr/parfum/Maison-Martin-Margiela/Matcha-Meditation-64805.html
Valentino Uomo Intense,https://www.fragrantica.fr/parfum/Valentino/Valentino-Uomo-Intense-38254.html
Ombré Leather Parfum,https://www.fragrantica.fr/parfum/Tom-Ford/Ombre-Leather-Parfum-68716.html
Princess,https://www.fragrantica.fr/parfum/By-Kilian/Princess-90174.html
Legend,https://www.fragrantica.fr/parfum/Montblanc/Legend-11784.html
Sauvage Parfum,https://www.fragrantica.fr/parfum/Dior/Sauvage-Parfum-56324.html
Poison,https://www.fragrantica.fr/parfum/Dior/Poison-218.html
Midnight Fantasy,https://www.fragrantica.fr/parfum/Britney-Spears/Midnight-Fantasy-802.html
Invictus Parfum,https://www.fragrantica.fr/parfum/Rabanne/Invictus-Parfum-90433.html
Perseus,https://www.fragrantica.fr/parfum/Parfums-de-Marly/Perseus-90199.html
Hawas Ice for Him,https://www.fragrantica.fr/parfum/Rasasi/Hawas-Ice-for-Him-89050.html
Blonde Amber,https://www.fragrantica.fr/parfum/Clive-Christian/Blonde-Amber-73595.html
Rolling in Love,https://www.fragrantica.fr/parfum/By-Kilian/Rolling-in-Love-56402.html
Bibliothèque,https://www.fragrantica.fr/parfum/Byredo/Bibliotheque-43324.html
Fakhar Rose,https://www.fragrantica.fr/parfum/Lattafa-Perfumes/Fakhar-Rose-70466.html
Pear Inc,https://www.fragrantica.fr/parfum/Juliette-Has-A-Gun/Pear-Inc-66120.html
Versace Pour Femme Dylan Purple,https://www.fragrantica.fr/parfum/Versace/Versace-Pour-Femme-Dylan-Purple-76274.html
Mango Skin,https://www.fragrantica.fr/parfum/Vilhelm-Parfumerie/Mango-Skin-49305.html
Narciso Rodriguez for Her Eau de Parfum,https://www.fragrantica.fr/parfum/Narciso-Rodriguez/Narciso-Rodriguez-for-Her-Eau-de-Parfum-14319.html
Moonlight in Heaven,https://www.fragrantica.fr/parfum/By-Kilian/Moonlight-in-Heaven-35973.html
The Dreamer,https://www.fragrantica.fr/parfum/Versace/The-Dreamer-59417.html
Bottled Absolu,https://www.fragrantica.fr/parfum/Hugo-Boss/Bottled-Absolu-96246.html
Asad Zanzibar,https://www.fragrantica.fr/parfum/Lattafa-Perfumes/Asad-Zanzibar-90713.html
Club de Nuit Milestone,https://www.fragrantica.fr/parfum/Armaf/Club-de-Nuit-Milestone-64104.html
Starlight,https://www.fragrantica.fr/parfum/Xerjoff/Starlight-58246.html
Luna Rossa Ocean Eau de Parfum,https://www.fragrantica.fr/parfum/Prada/Luna-Rossa-Ocean-Eau-de-Parfum-81280.html
Layton Exclusif,https://www.fragrantica.fr/parfum/Parfums-de-Marly/Layton-Exclusif-46633.html
Millésime Impérial,https://www.fragrantica.fr/parfum/Creed/Millesime-Imperial-466.html
Soie Malaquais,https://www.fragrantica.fr/parfum/Dries-Van-Noten/Soie-Malaquais-72605.html
Narciso Poudree,https://www.fragrantica.fr/parfum/Narciso-Rodriguez/Narciso-Poudree-36679.html
Jany,https://www.fragrantica.fr/parfum/Sora-Dora/Jany-87648.html
Cuoium,https://www.fragrantica.fr/parfum/Orto-Parisi/Cuoium-69923.html
When the Rain Stops,https://www.fragrantica.fr/parfum/Maison-Martin-Margiela/When-the-Rain-Stops-70985.html
Followed,https://www.fragrantica.fr/parfum/Kerosene/Followed-75977.html
Inexcusable Evil,https://www.fragrantica.fr/parfum/Toskovat/Inexcusable-Evil-75421.html
Toy 2,https://www.fragrantica.fr/parfum/Moschino/Toy-2-51589.html
Joop! Homme,https://www.fragrantica.fr/parfum/Joop/Joop-Homme-1251.html
Delina La Rosée,https://www.fragrantica.fr/parfum/Parfums-de-Marly/Delina-La-Rosee-64667.html
Tygar,https://www.fragrantica.fr/parfum/Bvlgari/Tygar-41222.html
Eau Duelle Eau de Parfum,https://www.fragrantica.fr/parfum/Diptyque/Eau-Duelle-Eau-de-Parfum-49100.html
Opus XIV – Royal Tobacco,https://www.fragrantica.fr/parfum/Amouage/Opus-XIV-Royal-Tobacco-75064.html
Flora Gorgeous Orchid,https://www.fragrantica.fr/parfum/Gucci/Flora-Gorgeous-Orchid-94979.html
Club de Nuit Intense Man Parfum,https://www.fragrantica.fr/parfum/Armaf/Club-de-Nuit-Intense-Man-Parfum-72842.html
Angham,https://www.fragrantica.fr/parfum/Lattafa-Perfumes/Angham-96768.html
Jean Lowe Immortal,https://www.fragrantica.fr/parfum/Maison-Alhambra/Jean-Lowe-Immortal-83666.html
Khair Pistachio,https://www.fragrantica.fr/parfum/Paris-Corner/Khair-Pistachio-92766.html
Bare Vanilla,https://www.fragrantica.fr/parfum/Victoria-s-Secret/Bare-Vanilla-56836.html
Noir de Noir,https://www.fragrantica.fr/parfum/Tom-Ford/Noir-de-Noir-1822.html
Devotion Intense,https://www.fragrantica.fr/parfum/Dolce-Gabbana/Devotion-Intense-96028.html
D&G Anthology L'Imperatrice 3,https://www.fragrantica.fr/parfum/Dolce-Gabbana/D-G-Anthology-L-Imperatrice-3-6086.html
Sailing Day,https://www.fragrantica.fr/parfum/Maison-Martin-Margiela/Sailing-Day-47891.html
Oud Minérale (2023),https://www.fragrantica.fr/parfum/Tom-Ford/Oud-Minerale-2023-88818.html
The Only One,https://www.fragrantica.fr/parfum/Dolce-Gabbana/The-Only-One-51249.html
London for Men,https://www.fragrantica.fr/parfum/Burberry/London-for-Men-804.html
Cherry Smoke,https://www.fragrantica.fr/parfum/Tom-Ford/Cherry-Smoke-78578.html
MYSLF Le Parfum,https://www.fragrantica.fr/parfum/Yves-Saint-Laurent/MYSLF-Le-Parfum-94983.html
Terre d'Hermes Parfum,https://www.fragrantica.fr/parfum/Hermes/Terre-d-Hermes-Parfum-8282.html
Invictus Victory,https://www.fragrantica.fr/parfum/Rabanne/Invictus-Victory-65177.html
Noir Extreme Parfum,https://www.fragrantica.fr/parfum/Tom-Ford/Noir-Extreme-Parfum-75489.html
Poets of Berlin,https://www.fragrantica.fr/parfum/Vilhelm-Parfumerie/Poets-of-Berlin-49306.html
Amor Amor,https://www.fragrantica.fr/parfum/Cacharel/Amor-Amor-238.html
Lune Feline,https://www.fragrantica.fr/parfum/Atelier-des-Ors/Lune-Feline-29716.html
Miss Dior Parfum (2024),https://www.fragrantica.fr/parfum/Dior/Miss-Dior-Parfum-2024-89584.html
Flower by Kenzo,https://www.fragrantica.fr/parfum/Kenzo/Flower-by-Kenzo-72.html
Scandal Le Parfum,https://www.fragrantica.fr/parfum/Jean-Paul-Gaultier/Scandal-Le-Parfum-74914.html
The One,https://www.fragrantica.fr/parfum/Dolce-Gabbana/The-One-698.html
"Rosendo Mateu Nº 5 Floral, Amber, Sensual Musk",https://www.fragrantica.fr/parfum/Rosendo-Mateu-Olfactive-Expressions/Rosendo-Mateu-No-5-Floral-Amber-Sensual-Musk-46115.html
Missing Person,https://www.fragrantica.fr/parfum/Phlur/Missing-Person-72665.html
Interlude Black Iris,https://www.fragrantica.fr/parfum/Amouage/Interlude-Black-Iris-60929.html
1 Million Royal,https://www.fragrantica.fr/parfum/Rabanne/1-Million-Royal-79159.html
Cherry Punk,https://www.fragrantica.fr/parfum/Room-1015/Cherry-Punk-61264.html
La Vie est Belle L'Elixir,https://www.fragrantica.fr/parfum/Lancome/La-Vie-est-Belle-L-Elixir-95856.html
Silky Woods,https://www.fragrantica.fr/parfum/Goldfield-Banks-Australia/Silky-Woods-66766.html
Shaghaf Oud Tonka,https://www.fragrantica.fr/parfum/Swiss-Arabian/Shaghaf-Oud-Tonka-87744.html
I Don't Need A Prince By My Side To Be A Princess,https://www.fragrantica.fr/parfum/By-Kilian/I-Don-t-Need-A-Prince-By-My-Side-To-Be-A-Princess-50497.html
Mayar,https://www.fragrantica.fr/parfum/Lattafa-Perfumes/Mayar-84309.html
L'Homme,https://www.fragrantica.fr/parfum/Yves-Saint-Laurent/L-Homme-734.html
Pacific Rock Moss,https://www.fragrantica.fr/parfum/Goldfield-Banks-Australia/Pacific-Rock-Moss-44120.html
L'Interdit Eau de Parfum Rouge Ultime,https://www.fragrantica.fr/parfum/Givenchy/L-Interdit-Eau-de-Parfum-Rouge-Ultime-83865.html
Fan Your Flames,https://www.fragrantica.fr/parfum/Nishane/Fan-Your-Flames-37603.html
Divine Vanille,https://www.fragrantica.fr/parfum/Essential-Parfums/Divine-Vanille-57088.html
Dear Polly,https://www.fragrantica.fr/parfum/Vilhelm-Parfumerie/Dear-Polly-30928.html
212 Men,https://www.fragrantica.fr/parfum/Carolina-Herrera/212-Men-297.html
Squid,https://www.fragrantica.fr/parfum/Zoologist-Perfumes/Squid-56294.html
724,https://www.fragrantica.fr/parfum/Maison-Francis-Kurkdjian/724-75754.html
Flora Gorgeous Magnolia,https://www.fragrantica.fr/parfum/Gucci/Flora-Gorgeous-Magnolia-83621.html
Bad Boy,https://www.fragrantica.fr/parfum/Carolina-Herrera/Bad-Boy-55449.html
Drakkar Noir,https://www.fragrantica.fr/parfum/Guy-Laroche/Drakkar-Noir-2069.html
Cruz del Sur II,https://www.fragrantica.fr/parfum/Xerjoff/Cruz-del-Sur-II-46098.html
Club De Nuit Urban Elixir,https://www.fragrantica.fr/parfum/Armaf/Club-De-Nuit-Urban-Elixir-77860.html
Psychedelic Love,https://www.fragrantica.fr/parfum/Initio-Parfums-Prives/Psychedelic-Love-45977.html
Tobacolor,https://www.fragrantica.fr/parfum/Dior/Tobacolor-65551.html
Amber Oud Tobacco Edition,https://www.fragrantica.fr/parfum/Al-Haramain-Perfumes/Amber-Oud-Tobacco-Edition-55791.html
Gentleman Society,https://www.fragrantica.fr/parfum/Givenchy/Gentleman-Society-78639.html
Mefisto,https://www.fragrantica.fr/parfum/Xerjoff/Mefisto-6310.html
Autumn Vibes,https://www.fragrantica.fr/parfum/Maison-Martin-Margiela/Autumn-Vibes-67789.html
Poison Girl,https://www.fragrantica.fr/parfum/Dior/Poison-Girl-35561.html
Angélique Noire,https://www.fragrantica.fr/parfum/Guerlain/Angelique-Noire-1021.html
Noa,https://www.fragrantica.fr/parfum/Cacharel/Noa-242.html
Carnal Flower,https://www.fragrantica.fr/parfum/Frederic-Malle/Carnal-Flower-1024.html
Afternoon Delight,https://www.fragrantica.fr/parfum/Maison-Martin-Margiela/Afternoon-Delight-95923.html
Ansaam Gold,https://www.fragrantica.fr/parfum/Lattafa-Perfumes/Ansaam-Gold-82731.html
Sì Passione,https://www.fragrantica.fr/parfum/Giorgio-Armani/Si-Passione-48002.html
Kenzo Homme Eau de Parfum,https://www.fragrantica.fr/parfum/Kenzo/Kenzo-Homme-Eau-de-Parfum-73225.html
Pardon,https://www.fragrantica.fr/parfum/Nasomatto/Pardon-12130.html
Good Girl Suprême,https://www.fragrantica.fr/parfum/Carolina-Herrera/Good-Girl-Supreme-61769.html
Coco Vanille,https://www.fragrantica.fr/parfum/Mancera/Coco-Vanille-42782.html
Coco Noir,https://www.fragrantica.fr/parfum/Chanel/Coco-Noir-15963.html
Sweet Tooth Caramel Dream,https://www.fragrantica.fr/parfum/Sabrina-Carpenter/Sweet-Tooth-Caramel-Dream-84095.html
Unknown Pleasures,https://www.fragrantica.fr/parfum/Kerosene/Unknown-Pleasures-17438.html
Ani X,https://www.fragrantica.fr/parfum/Nishane/Ani-X-80464.html
Rabbit,https://www.fragrantica.fr/parfum/Zoologist-Perfumes/Rabbit-91167.html
Ambre Sultan,https://www.fragrantica.fr/parfum/Serge-Lutens/Ambre-Sultan-2760.html
Atomic Rose,https://www.fragrantica.fr/parfum/Initio-Parfums-Prives/Atomic-Rose-57587.html
Changing Constance,https://www.fragrantica.fr/parfum/Penhaligon-s/Changing-Constance-50256.html
L'eau d'Issey,https://www.fragrantica.fr/parfum/Issey-Miyake/L-eau-d-Issey-720.html
Orchidee Vanille,https://www.fragrantica.fr/parfum/Van-Cleef-Arpels/Orchidee-Vanille-6463.html
02 L'Air du Desert Marocain,https://www.fragrantica.fr/parfum/Tauer-Perfumes/02-L-Air-du-Desert-Marocain-4573.html
Fève Gourmande,https://www.fragrantica.fr/parfum/Guerlain/Feve-Gourmande-87746.html
Cloud Pink,https://www.fragrantica.fr/parfum/Ariana-Grande/Cloud-Pink-83995.html
Al Nashama Caprice,https://www.fragrantica.fr/parfum/Lattafa-Perfumes/Al-Nashama-Caprice-89764.html
Mmmm...,https://www.fragrantica.fr/parfum/Juliette-Has-A-Gun/Mmmm-40461.html
Whispers in the Library,https://www.fragrantica.fr/parfum/Maison-Martin-Margiela/Whispers-in-the-Library-53537.html
Ramz Lattafa Silver,https://www.fragrantica.fr/parfum/Lattafa-Perfumes/Ramz-Lattafa-Silver-71868.html
Marfa,https://www.fragrantica.fr/parfum/Memo-Paris/Marfa-37185.html
Yves Saint Laurent Y,https://www.fragrantica.fr/parfum/Yves-Saint-Laurent/Yves-Saint-Laurent-Y-45956.html
Chance Eau Fraiche,https://www.fragrantica.fr/parfum/Chanel/Chance-Eau-Fraiche-1483.html
Alien Goddess Intense,https://www.fragrantica.fr/parfum/Mugler/Alien-Goddess-Intense-74871.html
Lolita Lempicka,https://www.fragrantica.fr/parfum/Lolita-Lempicka/Lolita-Lempicka-456.html
Pi,https://www.fragrantica.fr/parfum/Givenchy/Pi-39.html
Winter Palace,https://www.fragrantica.fr/parfum/Memo-Paris/Winter-Palace-55377.html
The Most Wanted Intense,https://www.fragrantica.fr/parfum/Azzaro/The-Most-Wanted-Intense-90953.html
Jubilation XXV Man,https://www.fragrantica.fr/parfum/Amouage/Jubilation-XXV-Man-2366.html
Reflection 45 Man,https://www.fragrantica.fr/parfum/Amouage/Reflection-45-Man-69488.html
Juliette,https://www.fragrantica.fr/parfum/Juliette-Has-A-Gun/Juliette-90396.html
Gris Dior,https://www.fragrantica.fr/parfum/Dior/Gris-Dior-48387.html
Toy 2 Bubble Gum,https://www.fragrantica.fr/parfum/Moschino/Toy-2-Bubble-Gum-66098.html
From the Garden,https://www.fragrantica.fr/parfum/Maison-Martin-Margiela/From-the-Garden-87457.html
Sharaf Blend,https://www.fragrantica.fr/parfum/Zimaya/Sharaf-Blend-91883.html
Mémoire d’une Odeur,https://www.fragrantica.fr/parfum/Gucci/Memoire-d-une-Odeur-56096.html
Hero Eau de Parfum,https://www.fragrantica.fr/parfum/Burberry/Hero-Eau-de-Parfum-75182.html
Flowerbomb Tiger Lily,https://www.fragrantica.fr/parfum/Viktor-Rolf/Flowerbomb-Tiger-Lily-88986.html
Fahrenheit Le Parfum,https://www.fragrantica.fr/parfum/Dior/Fahrenheit-Le-Parfum-23099.html
Sand Desert At Sunset,https://www.fragrantica.fr/parfum/Zara/Sand-Desert-At-Sunset-79100.html
Musamam White Intense,https://www.fragrantica.fr/parfum/Lattafa-Perfumes/Musamam-White-Intense-85087.html
One Umbrella for Two,https://www.fragrantica.fr/parfum/Floraiku/One-Umbrella-for-Two-46165.html
Atlas,https://www.fragrantica.fr/parfum/Lattafa-Perfumes/Atlas-89765.html
Polo Blue,https://www.fragrantica.fr/parfum/Ralph-Lauren/Polo-Blue-1198.html
Musc Noir For Her,https://www.fragrantica.fr/parfum/Narciso-Rodriguez/Musc-Noir-For-Her-64730.html
Love Delight,https://www.fragrantica.fr/parfum/Amouage/Love-Delight-89959.html
Her Confession,https://www.fragrantica.fr/parfum/Lattafa-Perfumes/Her-Confession-96864.html
L'Homme Idéal Parfum,https://www.fragrantica.fr/parfum/Guerlain/L-Homme-Ideal-Parfum-90803.html
Cheap & Chic I Love Love,https://www.fragrantica.fr/parfum/Moschino/Cheap-Chic-I-Love-Love-728.html
Eros Parfum,https://www.fragrantica.fr/parfum/Versace/Eros-Parfum-70090.html
Boss The Scent Elixir For Him,https://www.fragrantica.fr/parfum/Hugo-Boss/Boss-The-Scent-Elixir-For-Him-88879.html
Perfect,https://www.fragrantica.fr/parfum/Marc-Jacobs/Perfect-62021.html
Vanilla Skin,https://www.fragrantica.fr/parfum/Phlur/Vanilla-Skin-87258.html
Remember Me,https://www.fragrantica.fr/parfum/Jovoy-Paris/Remember-Me-49435.html
Grey Vetiver,https://www.fragrantica.fr/parfum/Tom-Ford/Grey-Vetiver-6697.html
Gentleman Eau de Parfum Boisée,https://www.fragrantica.fr/parfum/Givenchy/Gentleman-Eau-de-Parfum-Boisee-59009.html
Ébène Fumé,https://www.fragrantica.fr/parfum/Tom-Ford/Ebene-Fume-69008.html
Starwalker,https://www.fragrantica.fr/parfum/Montblanc/Starwalker-4023.html
Porto Neroli,https://www.fragrantica.fr/parfum/Maison-Alhambra/Porto-Neroli-79939.html
"Thank U, Next",https://www.fragrantica.fr/parfum/Ariana-Grande/Thank-U-Next-56741.html
Eclat d’Arpège,https://www.fragrantica.fr/parfum/Lanvin/Eclat-d-Arpege-988.html
I Want Choo Forever,https://www.fragrantica.fr/parfum/Jimmy-Choo/I-Want-Choo-Forever-75969.html
Intoxicated,https://www.fragrantica.fr/parfum/By-Kilian/Intoxicated-25991.html
Café Rose (2023),https://www.fragrantica.fr/parfum/Tom-Ford/Cafe-Rose-2023-83771.html
Fire At Will,https://www.fragrantica.fr/parfum/Jovoy-Paris/Fire-At-Will-70289.html
Penguin,https://www.fragrantica.fr/parfum/Zoologist-Perfumes/Penguin-88917.html
Honey Aoud,https://www.fragrantica.fr/parfum/Montale/Honey-Aoud-30509.html
L'Homme Idéal Extrême,https://www.fragrantica.fr/parfum/Guerlain/L-Homme-Ideal-Extreme-60284.html
Pure XS For Her,https://www.fragrantica.fr/parfum/Rabanne/Pure-XS-For-Her-51424.html
Yara Candy,https://www.fragrantica.fr/parfum/Lattafa-Perfumes/Yara-Candy-95752.html
New York Nights,https://www.fragrantica.fr/parfum/Bond-No-9/New-York-Nights-46057.html
Venom Incarnat,https://www.fragrantica.fr/parfum/Stephane-Humbert-Lucas-777/Venom-Incarnat-72387.html
Sintra,https://www.fragrantica.fr/parfum/Memo-Paris/Sintra-62837.html
Sunshine Woman,https://www.fragrantica.fr/parfum/Amouage/Sunshine-Woman-28182.html
Vanilla Woods,https://www.fragrantica.fr/parfum/The-7-Virtues/Vanilla-Woods-52560.html
Acqua di Giò Eau de Parfum,https://www.fragrantica.fr/parfum/Giorgio-Armani/Acqua-di-Gio-Eau-de-Parfum-71606.html
Comète,https://www.fragrantica.fr/parfum/Chanel/Comete-90434.html
Odyssey Mandarin Sky,https://www.fragrantica.fr/parfum/Armaf/Odyssey-Mandarin-Sky-83132.html
Celeste,https://www.fragrantica.fr/parfum/Giardini-Di-Toscana/Celeste-64788.html
Versense,https://www.fragrantica.fr/parfum/Versace/Versense-5752.html
Good Girl Blush Elixir Eau de Parfum,https://www.fragrantica.fr/parfum/Carolina-Herrera/Good-Girl-Blush-Elixir-Eau-de-Parfum-88937.html
Fantomas,https://www.fragrantica.fr/parfum/Nasomatto/Fantomas-62775.html
Blackberry & Bay,https://www.fragrantica.fr/parfum/Jo-Malone-London/Blackberry-Bay-15134.html
Lady Million,https://www.fragrantica.fr/parfum/Rabanne/Lady-Million-9045.html
Après l’Amour,https://www.fragrantica.fr/parfum/Thomas-Kosmala/Apres-l-Amour-53742.html
Father Figure,https://www.fragrantica.fr/parfum/Phlur/Father-Figure-83775.html
Versace Pour Femme Dylan Blue,https://www.fragrantica.fr/parfum/Versace/Versace-Pour-Femme-Dylan-Blue-47459.html
Van Py Rhum,https://www.fragrantica.fr/parfum/Lorenzo-Pazzaglia/Van-Py-Rhum-74243.html
Vanille Antique,https://www.fragrantica.fr/parfum/Byredo/Vanille-Antique-73438.html
Idôle Nectar,https://www.fragrantica.fr/parfum/Lancome/Idole-Nectar-74137.html
Aventus Cologne,https://www.fragrantica.fr/parfum/Creed/Aventus-Cologne-51692.html
Aqua Allegoria Mandarine Basilic,https://www.fragrantica.fr/parfum/Guerlain/Aqua-Allegoria-Mandarine-Basilic-2060.html
Ginger Biscuit Cologne (2023),https://www.fragrantica.fr/parfum/Jo-Malone-London/Ginger-Biscuit-Cologne-2023-87708.html
Summer Hammer,https://www.fragrantica.fr/parfum/Lorenzo-Pazzaglia/Summer-Hammer-81476.html
Coco Mademoiselle Intense,https://www.fragrantica.fr/parfum/Chanel/Coco-Mademoiselle-Intense-48310.html
Bohemian Lime,https://www.fragrantica.fr/parfum/Goldfield-Banks-Australia/Bohemian-Lime-60923.html
Tubéreuse Astrale,https://www.fragrantica.fr/parfum/Maison-Crivelli/Tubereuse-Astrale-90733.html
The Blazing Mr Sam,https://www.fragrantica.fr/parfum/Penhaligon-s/The-Blazing-Mr-Sam-50255.html
Eilish No 2,https://www.fragrantica.fr/parfum/Billie-Eilish/Eilish-No-2-76532.html
Fig Infusion,https://www.fragrantica.fr/parfum/Essential-Parfums/Fig-Infusion-73092.html
Aura Mugler,https://www.fragrantica.fr/parfum/Mugler/Aura-Mugler-45639.html
Encre Noire Sport,https://www.fragrantica.fr/parfum/Lalique/Encre-Noire-Sport-21369.html
Barénia,https://www.fragrantica.fr/parfum/Hermes/Barenia-96428.html
Guidance 46,https://www.fragrantica.fr/parfum/Amouage/Guidance-46-94033.html
Valentino Donna Born In Roma Coral Fantasy,https://www.fragrantica.fr/parfum/Valentino/Valentino-Donna-Born-In-Roma-Coral-Fantasy-71760.html
212 VIP Black,https://www.fragrantica.fr/parfum/Carolina-Herrera/212-VIP-Black-46093.html
Dior Addict,https://www.fragrantica.fr/parfum/Dior/Dior-Addict-215.html
Under The Lemon Tree,https://www.fragrantica.fr/parfum/Maison-Martin-Margiela/Under-The-Lemon-Tree-53379.html
Vanille Havane,https://www.fragrantica.fr/parfum/Les-Indemodables/Vanille-Havane-63395.html
Kenzo Homme Eau de Toilette Intense,https://www.fragrantica.fr/parfum/Kenzo/Kenzo-Homme-Eau-de-Toilette-Intense-67899.html
Kenzo Jungle L'Elephant,https://www.fragrantica.fr/parfum/Kenzo/Kenzo-Jungle-L-Elephant-70.html
Shaghaf Oud,https://www.fragrantica.fr/parfum/Swiss-Arabian/Shaghaf-Oud-50582.html
Hermann à mes Côtés me Paraissait une Ombre,https://www.fragrantica.fr/parfum/Etat-Libre-d-Orange/Hermann-a-mes-Cotes-me-Paraissait-une-Ombre-34730.html
Bombshell,https://www.fragrantica.fr/parfum/Victoria-s-Secret/Bombshell-10190.html
Écrin de Fumée,https://www.fragrantica.fr/parfum/Serge-Lutens/Ecrin-de-Fumee-79576.html
Utopia Vanilla Coco 21,https://www.fragrantica.fr/parfum/Kayali-Fragrances/Utopia-Vanilla-Coco-21-68220.html
Peony & Blush Suede,https://www.fragrantica.fr/parfum/Jo-Malone-London/Peony-Blush-Suede-18767.html
Infusion d'Iris,https://www.fragrantica.fr/parfum/Prada/Infusion-d-Iris-1795.html
Dolce Amalfi,https://www.fragrantica.fr/parfum/Xerjoff/Dolce-Amalfi-42988.html
Back to Black,https://www.fragrantica.fr/parfum/By-Kilian/Back-to-Black-6457.html
Torino22,https://www.fragrantica.fr/parfum/Xerjoff/Torino22-77059.html
CK One Shock For Him,https://www.fragrantica.fr/parfum/Calvin-Klein/CK-One-Shock-For-Him-12520.html
Yara Moi,https://www.fragrantica.fr/parfum/Lattafa-Perfumes/Yara-Moi-80722.html
H24,https://www.fragrantica.fr/parfum/Hermes/H24-65147.html
Allure Homme Edition Blanche,https://www.fragrantica.fr/parfum/Chanel/Allure-Homme-Edition-Blanche-2653.html
Cool Water Intense,https://www.fragrantica.fr/parfum/Davidoff/Cool-Water-Intense-55266.html
Missoni Wave,https://www.fragrantica.fr/parfum/Missoni/Missoni-Wave-61329.html
Spicebomb Night Vision Eau de Parfum,https://www.fragrantica.fr/parfum/Viktor-Rolf/Spicebomb-Night-Vision-Eau-de-Parfum-62253.html
Velvet Orchid,https://www.fragrantica.fr/parfum/Tom-Ford/Velvet-Orchid-22963.html
Sugar Leather,https://www.fragrantica.fr/parfum/Une-Nuit-Nomade/Sugar-Leather-80482.html
Narcotic Venus,https://www.fragrantica.fr/parfum/Nasomatto/Narcotic-Venus-4292.html
Meliora,https://www.fragrantica.fr/parfum/Parfums-de-Marly/Meliora-18750.html
Hypnôse,https://www.fragrantica.fr/parfum/Lancome/Hypnose-170.html
Invictus Platinum,https://www.fragrantica.fr/parfum/Rabanne/Invictus-Platinum-72557.html
Cassili,https://www.fragrantica.fr/parfum/Parfums-de-Marly/Cassili-54660.html
Acqua di Giò Profondo Parfum,https://www.fragrantica.fr/parfum/Giorgio-Armani/Acqua-di-Gio-Profondo-Parfum-90451.html
Boccanera,https://www.fragrantica.fr/parfum/Orto-Parisi/Boccanera-24195.html
Chance Eau Fraiche Eau de Parfum,https://www.fragrantica.fr/parfum/Chanel/Chance-Eau-Fraiche-Eau-de-Parfum-83980.html
Daisy Wild,https://www.fragrantica.fr/parfum/Marc-Jacobs/Daisy-Wild-89906.html
Gucci Guilty Absolute,https://www.fragrantica.fr/parfum/Gucci/Gucci-Guilty-Absolute-43040.html
Club de Nuit Intense Man Limited Edition Parfum,https://www.fragrantica.fr/parfum/Armaf/Club-de-Nuit-Intense-Man-Limited-Edition-Parfum-77861.html
Promise,https://www.fragrantica.fr/parfum/Frederic-Malle/Promise-47332.html
Coach for Men,https://www.fragrantica.fr/parfum/Coach/Coach-for-Men-45343.html
Bad Boy Extreme,https://www.fragrantica.fr/parfum/Carolina-Herrera/Bad-Boy-Extreme-78562.html
Royal Oud,https://www.fragrantica.fr/parfum/Creed/Royal-Oud-12317.html
Fresh Cream Warm Cashmere,https://www.fragrantica.fr/parfum/Philosophy/Fresh-Cream-Warm-Cashmere-49834.html
Nina,https://www.fragrantica.fr/parfum/Nina-Ricci/Nina-147.html
Dulce,https://www.fragrantica.fr/parfum/By-Rosie-Jane/Dulce-79146.html
A Whiff of Waffle Cone,https://www.fragrantica.fr/parfum/Imaginary-Authors/A-Whiff-of-Waffle-Cone-64228.html
Ode To Dullness,https://www.fragrantica.fr/parfum/Juliette-Has-A-Gun/Ode-To-Dullness-84757.html
The Tragedy of Lord George,https://www.fragrantica.fr/parfum/Penhaligon-s/The-Tragedy-of-Lord-George-40716.html
Red Tobacco Intense,https://www.fragrantica.fr/parfum/Mancera/Red-Tobacco-Intense-84246.html
Alien Hypersense,https://www.fragrantica.fr/parfum/Mugler/Alien-Hypersense-89599.html
Chrome,https://www.fragrantica.fr/parfum/Azzaro/Chrome-788.html
Nefs,https://www.fragrantica.fr/parfum/Nishane/Nefs-54786.html
On A Date,https://www.fragrantica.fr/parfum/Maison-Martin-Margiela/On-A-Date-78292.html
Tommy Girl,https://www.fragrantica.fr/parfum/Tommy-Hilfiger/Tommy-Girl-3016.html
Ana Abiyedh Rouge,https://www.fragrantica.fr/parfum/Lattafa-Perfumes/Ana-Abiyedh-Rouge-63062.html
Bright Crystal Absolu,https://www.fragrantica.fr/parfum/Versace/Bright-Crystal-Absolu-21547.html
Club de Nuit White Imperiale,https://www.fragrantica.fr/parfum/Armaf/Club-de-Nuit-White-Imperiale-78474.html
Indigo,https://www.fragrantica.fr/parfum/Nest/Indigo-26845.html
Sunset Hour,https://www.fragrantica.fr/parfum/Goldfield-Banks-Australia/Sunset-Hour-70950.html
La Danza delle Libellule,https://www.fragrantica.fr/parfum/Nobile-1942/La-Danza-delle-Libellule-14845.html
Viva la Juicy Gold Couture,https://www.fragrantica.fr/parfum/Juicy-Couture/Viva-la-Juicy-Gold-Couture-25753.html
Girl of Now,https://www.fragrantica.fr/parfum/Elie-Saab/Girl-of-Now-45686.html
Encens Suave,https://www.fragrantica.fr/parfum/Matiere-Premiere/Encens-Suave-59060.html
Oud Satin Mood Extrait de Parfum,https://www.fragrantica.fr/parfum/Maison-Francis-Kurkdjian/Oud-Satin-Mood-Extrait-de-Parfum-48463.html
Artisan Pure,https://www.fragrantica.fr/parfum/John-Varvatos/Artisan-Pure-46623.html
Tam Dao Eau de Parfum,https://www.fragrantica.fr/parfum/Diptyque/Tam-Dao-Eau-de-Parfum-49104.html
Polo,https://www.fragrantica.fr/parfum/Ralph-Lauren/Polo-890.html
Un Bois Vanille,https://www.fragrantica.fr/parfum/Serge-Lutens/Un-Bois-Vanille-478.html
Vanille Fatale,https://www.fragrantica.fr/parfum/Tom-Ford/Vanille-Fatale-48029.html
Bonbon,https://www.fragrantica.fr/parfum/Viktor-Rolf/Bonbon-23317.html
Gentleman Society Eau de Parfum Extrême,https://www.fragrantica.fr/parfum/Givenchy/Gentleman-Society-Eau-de-Parfum-Extreme-89933.html
Harvest Mouse,https://www.fragrantica.fr/parfum/Zoologist-Perfumes/Harvest-Mouse-78580.html
Very Good Girl Glam,https://www.fragrantica.fr/parfum/Carolina-Herrera/Very-Good-Girl-Glam-72698.html
Flora Gorgeous Jasmine,https://www.fragrantica.fr/parfum/Gucci/Flora-Gorgeous-Jasmine-75190.html
Eau d'Ombré Leather,https://www.fragrantica.fr/parfum/Tom-Ford/Eau-d-Ombre-Leather-95389.html
Club de Nuit Precieux,https://www.fragrantica.fr/parfum/Armaf/Club-de-Nuit-Precieux-93272.html
Sticky Dates,https://www.fragrantica.fr/parfum/Lush/Sticky-Dates-88995.html
Individuel,https://www.fragrantica.fr/parfum/Montblanc/Individuel-4193.html
Ana Abiyedh,https://www.fragrantica.fr/parfum/Lattafa-Perfumes/Ana-Abiyedh-59149.html
Khaltat Night,https://www.fragrantica.fr/parfum/Attar-Collection/Khaltat-Night-38133.html
Quattro Pizzi,https://www.fragrantica.fr/parfum/Xerjoff/Quattro-Pizzi-91640.html
Wanted,https://www.fragrantica.fr/parfum/Azzaro/Wanted-38686.html
Miracle,https://www.fragrantica.fr/parfum/Lancome/Miracle-184.html
Tihota,https://www.fragrantica.fr/parfum/Indult/Tihota-4346.html
Vanilla Cake,https://www.fragrantica.fr/parfum/Montale/Vanilla-Cake-48948.html
Molecule 02,https://www.fragrantica.fr/parfum/Escentric-Molecules/Molecule-02-3606.html
Beau De Jour Eau de Parfum,https://www.fragrantica.fr/parfum/Tom-Ford/Beau-De-Jour-Eau-de-Parfum-59064.html
Greenwich Village,https://www.fragrantica.fr/parfum/Bond-No-9/Greenwich-Village-54157.html
Obsession,https://www.fragrantica.fr/parfum/Calvin-Klein/Obsession-248.html
SpongeBob,https://www.fragrantica.fr/parfum/SpongeBob-Squarepants/SpongeBob-28286.html
La Fille de Berlin,https://www.fragrantica.fr/parfum/Serge-Lutens/La-Fille-de-Berlin-17162.html
La Belle Paradise Garden,https://www.fragrantica.fr/parfum/Jean-Paul-Gaultier/La-Belle-Paradise-Garden-88873.html
Moth,https://www.fragrantica.fr/parfum/Zoologist-Perfumes/Moth-49270.html
Spicebomb Infrared,https://www.fragrantica.fr/parfum/Viktor-Rolf/Spicebomb-Infrared-66514.html
Burberry Brit,https://www.fragrantica.fr/parfum/Burberry/Burberry-Brit-819.html
God Is A Woman,https://www.fragrantica.fr/parfum/Ariana-Grande/God-Is-A-Woman-68664.html
Coromandel Eau de Parfum,https://www.fragrantica.fr/parfum/Chanel/Coromandel-Eau-de-Parfum-41783.html
Wild Bluebell,https://www.fragrantica.fr/parfum/Jo-Malone-London/Wild-Bluebell-12310.html
A Drop d'Issey,https://www.fragrantica.fr/parfum/Issey-Miyake/A-Drop-d-Issey-66334.html
Ajayeb Dubai Portrait,https://www.fragrantica.fr/parfum/Lattafa-Perfumes/Ajayeb-Dubai-Portrait-84222.html
Carmina,https://www.fragrantica.fr/parfum/Creed/Carmina-84206.html
Y Elixir,https://www.fragrantica.fr/parfum/Yves-Saint-Laurent/Y-Elixir-90024.html
CK be,https://www.fragrantica.fr/parfum/Calvin-Klein/CK-be-275.html
Lamar,https://www.fragrantica.fr/parfum/Kajal/Lamar-62571.html
White Rice,https://www.fragrantica.fr/parfum/d-Annam/White-Rice-89243.html
Coffee Addict,https://www.fragrantica.fr/parfum/Theodoros-Kalotinis/Coffee-Addict-64660.html
Cherry Ambition,https://www.fragrantica.fr/parfum/The-7-Virtues/Cherry-Ambition-87203.html
Infinity,https://www.fragrantica.fr/parfum/Montale/Infinity-81773.html
Feminité du Bois,https://www.fragrantica.fr/parfum/Serge-Lutens/Feminite-du-Bois-5749.html
Ange ou Demon,https://www.fragrantica.fr/parfum/Givenchy/Ange-ou-Demon-701.html
Milk +,https://www.fragrantica.fr/parfum/Commodity/Milk-70012.html
Narciso Rodriguez For Her Musc Nude,https://www.fragrantica.fr/parfum/Narciso-Rodriguez/Narciso-Rodriguez-For-Her-Musc-Nude-88936.html
Wavechild,https://www.fragrantica.fr/parfum/Room-1015/Wavechild-91364.html
Toy 2 Pearl,https://www.fragrantica.fr/parfum/Moschino/Toy-2-Pearl-84718.html
Skin,https://www.fragrantica.fr/parfum/Clean/Skin-35244.html
Angel Elixir,https://www.fragrantica.fr/parfum/Mugler/Angel-Elixir-78581.html
Tobacco Touch,https://www.fragrantica.fr/parfum/Maison-Alhambra/Tobacco-Touch-79943.html
Libre L'Absolu Platine,https://www.fragrantica.fr/parfum/Yves-Saint-Laurent/Libre-L-Absolu-Platine-83296.html
L'Imperatrice Limited Edition,https://www.fragrantica.fr/parfum/Dolce-Gabbana/L-Imperatrice-Limited-Edition-63485.html
L’Homme Idéal,https://www.fragrantica.fr/parfum/Guerlain/L-Homme-Ideal-25780.html
My Way Nectar,https://www.fragrantica.fr/parfum/Giorgio-Armani/My-Way-Nectar-88938.html
Velvet Tonka,https://www.fragrantica.fr/parfum/BDK-Parfums/Velvet-Tonka-68119.html
So Scandal!,https://www.fragrantica.fr/parfum/Jean-Paul-Gaultier/So-Scandal-60942.html
Nomade Nuit d’Egypte,https://www.fragrantica.fr/parfum/Chloe/Nomade-Nuit-d-Egypte-89372.html
La Petite Robe Noire,https://www.fragrantica.fr/parfum/Guerlain/La-Petite-Robe-Noire-14681.html
Straight to Heaven,https://www.fragrantica.fr/parfum/By-Kilian/Straight-to-Heaven-4323.html
Eau de Lacoste L.12.12. White,https://www.fragrantica.fr/parfum/Lacoste-Fragrances/Eau-de-Lacoste-L-12-12-White-11043.html
H24 Herbes Vives,https://www.fragrantica.fr/parfum/Hermes/H24-Herbes-Vives-89146.html
Versace Pour Femme Dylan Turquoise,https://www.fragrantica.fr/parfum/Versace/Versace-Pour-Femme-Dylan-Turquoise-62966.html
A*Men,https://www.fragrantica.fr/parfum/Mugler/A-Men-705.html
La Tulipe,https://www.fragrantica.fr/parfum/Byredo/La-Tulipe-8441.html
Raghba,https://www.fragrantica.fr/parfum/Lattafa-Perfumes/Raghba-25807.html
Jubilation 40 Man,https://www.fragrantica.fr/parfum/Amouage/Jubilation-40-Man-87958.html
Valentino Uomo Intense 2021,https://www.fragrantica.fr/parfum/Valentino/Valentino-Uomo-Intense-2021-75094.html
Vetiver,https://www.fragrantica.fr/parfum/Guerlain/Vetiver-69.html
SOL Cheirosa ’62 Eau de Parfum,https://www.fragrantica.fr/parfum/Sol-de-Janeiro/SOL-Cheirosa-62-Eau-de-Parfum-60095.html
Soleil de Jeddah - Mango Kiss,https://www.fragrantica.fr/parfum/Stephane-Humbert-Lucas-777/Soleil-de-Jeddah-Mango-Kiss-81913.html
Dolce&Gabbana Pour Homme (2012),https://www.fragrantica.fr/parfum/Dolce-Gabbana/Dolce-Gabbana-Pour-Homme-2012-15336.html
Parisian Musc,https://www.fragrantica.fr/parfum/Matiere-Premiere/Parisian-Musc-59063.html
J'adore Parfum d'Eau,https://www.fragrantica.fr/parfum/Dior/J-adore-Parfum-d-Eau-75642.html
Habit Rouge Parfum,https://www.fragrantica.fr/parfum/Guerlain/Habit-Rouge-Parfum-90802.html
Phantom Parfum,https://www.fragrantica.fr/parfum/Rabanne/Phantom-Parfum-81927.html
Polo 67,https://www.fragrantica.fr/parfum/Ralph-Lauren/Polo-67-90347.html
Nectarine Blossom & Honey,https://www.fragrantica.fr/parfum/Jo-Malone-London/Nectarine-Blossom-Honey-3782.html
Ishq Al Shuyukh Gold,https://www.fragrantica.fr/parfum/Lattafa-Perfumes/Ishq-Al-Shuyukh-Gold-81121.html
Cuir Béluga,https://www.fragrantica.fr/parfum/Guerlain/Cuir-Beluga-1019.html
K by Dolce & Gabbana Eau de Parfum,https://www.fragrantica.fr/parfum/Dolce-Gabbana/K-by-Dolce-Gabbana-Eau-de-Parfum-62311.html
Awake,https://www.fragrantica.fr/parfum/Akro/Awake-51704.html
LolitaLand,https://www.fragrantica.fr/parfum/Lolita-Lempicka/LolitaLand-51385.html
Dior Addict Eau de Parfum (2014),https://www.fragrantica.fr/parfum/Dior/Dior-Addict-Eau-de-Parfum-2014-28201.html
Black Saffron,https://www.fragrantica.fr/parfum/Byredo/Black-Saffron-16220.html
Cosmic Kylie Jenner,https://www.fragrantica.fr/parfum/Kylie-Cosmetics/Cosmic-Kylie-Jenner-90957.html
Kouros,https://www.fragrantica.fr/parfum/Yves-Saint-Laurent/Kouros-735.html
Blessed Baraka,https://www.fragrantica.fr/parfum/Initio-Parfums-Prives/Blessed-Baraka-30991.html
Rose Of No Man's Land,https://www.fragrantica.fr/parfum/Byredo/Rose-Of-No-Man-s-Land-31931.html
Polo Red,https://www.fragrantica.fr/parfum/Ralph-Lauren/Polo-Red-18598.html
Borabora,https://www.fragrantica.fr/parfum/Giardini-Di-Toscana/Borabora-81632.html
The Omniscient Mr Thompson,https://www.fragrantica.fr/parfum/Penhaligon-s/The-Omniscient-Mr-Thompson-84254.html
Soleil Neige,https://www.fragrantica.fr/parfum/Tom-Ford/Soleil-Neige-56737.html
Sand Dance,https://www.fragrantica.fr/parfum/Stephane-Humbert-Lucas-777/Sand-Dance-72384.html
Lust for Sun,https://www.fragrantica.fr/parfum/Juliette-Has-A-Gun/Lust-for-Sun-80004.html
Allure Homme Edition Blanche Eau de Parfum,https://www.fragrantica.fr/parfum/Chanel/Allure-Homme-Edition-Blanche-Eau-de-Parfum-28942.html
Lovely Chèrie,https://www.fragrantica.fr/parfum/Maison-Alhambra/Lovely-Cherie-79944.html
Luna,https://www.fragrantica.fr/parfum/Penhaligon-s/Luna-38351.html
Light Blue Eau Intense,https://www.fragrantica.fr/parfum/Dolce-Gabbana/Light-Blue-Eau-Intense-44034.html
Wulong Cha X,https://www.fragrantica.fr/parfum/Nishane/Wulong-Cha-X-80465.html
Do Son Eau de Toilette,https://www.fragrantica.fr/parfum/Diptyque/Do-Son-Eau-de-Toilette-6501.html
Philosykos Eau de Toilette,https://www.fragrantica.fr/parfum/Diptyque/Philosykos-Eau-de-Toilette-72040.html
Haya,https://www.fragrantica.fr/parfum/Lattafa-Perfumes/Haya-85031.html
Angel Fantasm,https://www.fragrantica.fr/parfum/Mugler/Angel-Fantasm-91916.html
City Of Stars,https://www.fragrantica.fr/parfum/Louis-Vuitton/City-Of-Stars-73344.html
Blamage,https://www.fragrantica.fr/parfum/Nasomatto/Blamage-25575.html
Hayaati,https://www.fragrantica.fr/parfum/Lattafa-Perfumes/Hayaati-75902.html
Beach Hut Man,https://www.fragrantica.fr/parfum/Amouage/Beach-Hut-Man-46336.html
Acqua di Parma Blu Mediterraneo - Mandorlo di Sicilia,https://www.fragrantica.fr/parfum/Acqua-di-Parma/Acqua-di-Parma-Blu-Mediterraneo-Mandorlo-di-Sicilia-1688.html
4711 Original Eau de Cologne,https://www.fragrantica.fr/parfum/4711/4711-Original-Eau-de-Cologne-3256.html
Bright Peach,https://www.fragrantica.fr/parfum/Maison-Alhambra/Bright-Peach-79937.html
Valentino Uomo,https://www.fragrantica.fr/parfum/Valentino/Valentino-Uomo-19558.html
Bad Boy Le Parfum,https://www.fragrantica.fr/parfum/Carolina-Herrera/Bad-Boy-Le-Parfum-65718.html
Chanel No 5 L'Eau,https://www.fragrantica.fr/parfum/Chanel/Chanel-No-5-L-Eau-38543.html
Now Women,https://www.fragrantica.fr/parfum/RAVE/Now-Women-85088.html
Fat Electrician Semi-Modern Vetiver,https://www.fragrantica.fr/parfum/Etat-Libre-d-Orange/Fat-Electrician-Semi-Modern-Vetiver-7139.html
La Yuqawam Homme,https://www.fragrantica.fr/parfum/Rasasi/La-Yuqawam-Homme-19668.html
Encelade,https://www.fragrantica.fr/parfum/Marc-Antoine-Barrois/Encelade-74121.html
Viride,https://www.fragrantica.fr/parfum/Orto-Parisi/Viride-24193.html
Golden Decade,https://www.fragrantica.fr/parfum/Zara/Golden-Decade-69404.html
Noble Blush,https://www.fragrantica.fr/parfum/Lattafa-Perfumes/Noble-Blush-98937.html
CK IN2U for Her,https://www.fragrantica.fr/parfum/Calvin-Klein/CK-IN2U-for-Her-934.html
Gucci Guilty Pour Homme Parfum,https://www.fragrantica.fr/parfum/Gucci/Gucci-Guilty-Pour-Homme-Parfum-71378.html
Trésor Midnight Rose,https://www.fragrantica.fr/parfum/Lancome/Tresor-Midnight-Rose-11721.html
Mon Guerlain Eau de Parfum Intense,https://www.fragrantica.fr/parfum/Guerlain/Mon-Guerlain-Eau-de-Parfum-Intense-55997.html
Animalique,https://www.fragrantica.fr/parfum/Byredo/Animalique-85157.html
L'orpheline,https://www.fragrantica.fr/parfum/Serge-Lutens/L-orpheline-26214.html
Acqua di Giò Absolu,https://www.fragrantica.fr/parfum/Giorgio-Armani/Acqua-di-Gio-Absolu-48138.html
L'eau de Parfum,https://www.fragrantica.fr/parfum/Cirque-du-Soleil/L-eau-de-Parfum-92656.html
Classique,https://www.fragrantica.fr/parfum/Jean-Paul-Gaultier/Classique-427.html
Hermessence Ambre Narguile,https://www.fragrantica.fr/parfum/Hermes/Hermessence-Ambre-Narguile-2669.html
The Moon,https://www.fragrantica.fr/parfum/Frederic-Malle/The-Moon-56095.html
Spectre Ghost,https://www.fragrantica.fr/parfum/French-Avenue/Spectre-Ghost-94697.html
Un Jardin à Cythère,https://www.fragrantica.fr/parfum/Hermes/Un-Jardin-a-Cythere-79225.html
More Than Words,https://www.fragrantica.fr/parfum/Xerjoff/More-Than-Words-16450.html
Tyrannosaurus Rex,https://www.fragrantica.fr/parfum/Zoologist-Perfumes/Tyrannosaurus-Rex-51353.html
Le Sel d’Issey,https://www.fragrantica.fr/parfum/Issey-Miyake/Le-Sel-d-Issey-95642.html
Boss The Scent,https://www.fragrantica.fr/parfum/Hugo-Boss/Boss-The-Scent-31445.html
Armani Code for Women,https://www.fragrantica.fr/parfum/Giorgio-Armani/Armani-Code-for-Women-413.html
Lafayette Street,https://www.fragrantica.fr/parfum/Bond-No-9/Lafayette-Street-51742.html
Crystal Noir Eau de Toilette,https://www.fragrantica.fr/parfum/Versace/Crystal-Noir-Eau-de-Toilette-67502.html
Do Son Eau de Parfum,https://www.fragrantica.fr/parfum/Diptyque/Do-Son-Eau-de-Parfum-49098.html
Teriaq Intense,https://www.fragrantica.fr/parfum/Lattafa-Perfumes/Teriaq-Intense-99586.html
Libre Eau de Toilette,https://www.fragrantica.fr/parfum/Yves-Saint-Laurent/Libre-Eau-de-Toilette-65936.html
R.E.M.,https://www.fragrantica.fr/parfum/Ariana-Grande/R-E-M-62578.html
Queen of Silk,https://www.fragrantica.fr/parfum/Creed/Queen-of-Silk-89643.html
Legend Eau de Parfum,https://www.fragrantica.fr/parfum/Montblanc/Legend-Eau-de-Parfum-62583.html
Old Fashioned,https://www.fragrantica.fr/parfum/By-Kilian/Old-Fashioned-96096.html
You Doux,https://www.fragrantica.fr/parfum/Glossier/You-Doux-97605.html
Armani Code Absolu,https://www.fragrantica.fr/parfum/Giorgio-Armani/Armani-Code-Absolu-53106.html
Sceptre Malachite,https://www.fragrantica.fr/parfum/Maison-Alhambra/Sceptre-Malachite-94163.html
Trésor,https://www.fragrantica.fr/parfum/Lancome/Tresor-172.html
Rio Radiance,https://www.fragrantica.fr/parfum/Sol-de-Janeiro/Rio-Radiance-82595.html
Vanilla Royale Sugared Patchouli | 64 Eau De Parfum Intense,https://www.fragrantica.fr/parfum/Kayali-Fragrances/Vanilla-Royale-Sugared-Patchouli-64-Eau-De-Parfum-Intense-77430.html
L'Interdit Eau de Parfum Intense,https://www.fragrantica.fr/parfum/Givenchy/L-Interdit-Eau-de-Parfum-Intense-62491.html
La Vie Est Belle Iris Absolu,https://www.fragrantica.fr/parfum/Lancome/La-Vie-Est-Belle-Iris-Absolu-79245.html
Clinique Happy,https://www.fragrantica.fr/parfum/Clinique/Clinique-Happy-372.html
Happy Dust,https://www.fragrantica.fr/parfum/Narcotica/Happy-Dust-88451.html
PINK MOLéCULE 090.09,https://www.fragrantica.fr/parfum/ZARKOPERFUME/PINK-MOLeCULE-090-09-25474.html
Le Lion Eau de Parfum,https://www.fragrantica.fr/parfum/Chanel/Le-Lion-Eau-de-Parfum-61036.html
Dior Homme Parfum 2025,https://www.fragrantica.fr/parfum/Dior/Dior-Homme-Parfum-2025-101016.html
J'adore L'Or (2023),https://www.fragrantica.fr/parfum/Dior/J-adore-L-Or-2023-84202.html
Explorer Platinum,https://www.fragrantica.fr/parfum/Montblanc/Explorer-Platinum-81392.html
Jimmy Choo,https://www.fragrantica.fr/parfum/Jimmy-Choo/Jimmy-Choo-10573.html
Let The Good Times Roll,https://www.fragrantica.fr/parfum/Lush/Let-The-Good-Times-Roll-60072.html
Libre Flowers & Flames,https://www.fragrantica.fr/parfum/Yves-Saint-Laurent/Libre-Flowers-Flames-95623.html
Un Jardin en Méditerranée,https://www.fragrantica.fr/parfum/Hermes/Un-Jardin-en-Mediterranee-19.html
Red Temptation For Her,https://www.fragrantica.fr/parfum/Zara/Red-Temptation-For-Her-63264.html
Memoirs Of A Trespasser,https://www.fragrantica.fr/parfum/Imaginary-Authors/Memoirs-Of-A-Trespasser-16545.html
The Bewitching Yasmine,https://www.fragrantica.fr/parfum/Penhaligon-s/The-Bewitching-Yasmine-46504.html
Frustration,https://www.fragrantica.fr/parfum/Etat-Libre-d-Orange/Frustration-71611.html
Pear Gelato,https://www.fragrantica.fr/parfum/Theodoros-Kalotinis/Pear-Gelato-92249.html
Cow,https://www.fragrantica.fr/parfum/Zoologist-Perfumes/Cow-72365.html
Sadonaso,https://www.fragrantica.fr/parfum/Nasomatto/Sadonaso-80076.html
Costa Azzurra,https://www.fragrantica.fr/parfum/Tom-Ford/Costa-Azzurra-64617.html
Accento,https://www.fragrantica.fr/parfum/Xerjoff/Accento-55156.html
Touch for Men,https://www.fragrantica.fr/parfum/Burberry/Touch-for-Men-815.html
Invite Only Amber | 23,https://www.fragrantica.fr/parfum/Kayali-Fragrances/Invite-Only-Amber-23-68958.html
Eau de Soleil Blanc,https://www.fragrantica.fr/parfum/Tom-Ford/Eau-de-Soleil-Blanc-48152.html
Yellow Diamond,https://www.fragrantica.fr/parfum/Versace/Yellow-Diamond-13064.html
Coach Green,https://www.fragrantica.fr/parfum/Coach/Coach-Green-81391.html
LouLou,https://www.fragrantica.fr/parfum/Cacharel/LouLou-1276.html
Ristretto Intense Café,https://www.fragrantica.fr/parfum/Montale/Ristretto-Intense-Cafe-55001.html
L'Eau d'Hiver,https://www.fragrantica.fr/parfum/Frederic-Malle/L-Eau-d-Hiver-2797.html
Iris Malikhân,https://www.fragrantica.fr/parfum/Maison-Crivelli/Iris-Malikhan-62617.html
You Rêve,https://www.fragrantica.fr/parfum/Glossier/You-Reve-97604.html
Aqua Allegoria Forte Bosca Vanilla,https://www.fragrantica.fr/parfum/Guerlain/Aqua-Allegoria-Forte-Bosca-Vanilla-83152.html
Versace Pour Homme Oud Noir,https://www.fragrantica.fr/parfum/Versace/Versace-Pour-Homme-Oud-Noir-17338.html
Chance Eau Tendre Eau de Parfum,https://www.fragrantica.fr/parfum/Chanel/Chance-Eau-Tendre-Eau-de-Parfum-52359.html
French Defense,https://www.fragrantica.fr/parfum/Mind-Games/French-Defense-88867.html
Aqua Media Cologne Forte,https://www.fragrantica.fr/parfum/Maison-Francis-Kurkdjian/Aqua-Media-Cologne-Forte-82030.html
Eternity For Men,https://www.fragrantica.fr/parfum/Calvin-Klein/Eternity-For-Men-258.html
Azzaro pour Homme,https://www.fragrantica.fr/parfum/Azzaro/Azzaro-pour-Homme-829.html
Tommy,https://www.fragrantica.fr/parfum/Tommy-Hilfiger/Tommy-6314.html
Blue Seduction,https://www.fragrantica.fr/parfum/Antonio-Banderas/Blue-Seduction-1088.html
Mixed Emotions,https://www.fragrantica.fr/parfum/Byredo/Mixed-Emotions-65525.html
Omnia Crystalline,https://www.fragrantica.fr/parfum/Bvlgari/Omnia-Crystalline-152.html
Essenza di Colonia,https://www.fragrantica.fr/parfum/Acqua-di-Parma/Essenza-di-Colonia-9829.html
Club de Nuit Woman,https://www.fragrantica.fr/parfum/Armaf/Club-de-Nuit-Woman-27655.html
A*Men Pure Havane,https://www.fragrantica.fr/parfum/Mugler/A-Men-Pure-Havane-11444.html
Mandarino di Amalfi,https://www.fragrantica.fr/parfum/Tom-Ford/Mandarino-di-Amalfi-25481.html
Uomo Salvatore Ferragamo Signature,https://www.fragrantica.fr/parfum/Salvatore-Ferragamo/Uomo-Salvatore-Ferragamo-Signature-50797.html
Kenzo Amour,https://www.fragrantica.fr/parfum/Kenzo/Kenzo-Amour-664.html
Bergamote 22,https://www.fragrantica.fr/parfum/Le-Labo/Bergamote-22-6327.html
Bouquet Ideale,https://www.fragrantica.fr/parfum/Xerjoff/Bouquet-Ideale-11800.html
Lord of Misrule,https://www.fragrantica.fr/parfum/Lush/Lord-of-Misrule-29173.html
Météore,https://www.fragrantica.fr/parfum/Louis-Vuitton/Meteore-62251.html
Pegasus Exclusif,https://www.fragrantica.fr/parfum/Parfums-de-Marly/Pegasus-Exclusif-63100.html
Bloody Wood,https://www.fragrantica.fr/parfum/Les-Liquides-Imaginaires/Bloody-Wood-23082.html
Sirène,https://www.fragrantica.fr/parfum/Fragrance-Du-Bois/Sirene-91166.html
Hypnotic Poison Eau de Parfum,https://www.fragrantica.fr/parfum/Dior/Hypnotic-Poison-Eau-de-Parfum-23098.html
Seminalis,https://www.fragrantica.fr/parfum/Orto-Parisi/Seminalis-38293.html
Clinique Happy,https://www.fragrantica.fr/parfum/Clinique/Clinique-Happy-373.html
Roses Musk,https://www.fragrantica.fr/parfum/Montale/Roses-Musk-1148.html
Safanad,https://www.fragrantica.fr/parfum/Parfums-de-Marly/Safanad-18749.html
Ambassador Intense,https://www.fragrantica.fr/parfum/Gisada/Ambassador-Intense-76636.html
Apollonia,https://www.fragrantica.fr/parfum/Xerjoff/Apollonia-55970.html
Blue Madeleine,https://www.fragrantica.fr/parfum/Atelier-des-Ors/Blue-Madeleine-92071.html
Scarlet Poppy Intense,https://www.fragrantica.fr/parfum/Jo-Malone-London/Scarlet-Poppy-Intense-64551.html
Burlington 1819,https://www.fragrantica.fr/parfum/Roja-Dove/Burlington-1819-62320.html
Gentleman Eau de Toilette Intense,https://www.fragrantica.fr/parfum/Givenchy/Gentleman-Eau-de-Toilette-Intense-65051.html
Goddess Intense,https://www.fragrantica.fr/parfum/Burberry/Goddess-Intense-95883.html
Debaser,https://www.fragrantica.fr/parfum/DS-Durga/Debaser-29736.html
Pas Сe Soir,https://www.fragrantica.fr/parfum/BDK-Parfums/Pas-Se-Soir-39470.html
Obsession for Men,https://www.fragrantica.fr/parfum/Calvin-Klein/Obsession-for-Men-249.html
Rifaaqat,https://www.fragrantica.fr/parfum/Paris-Corner/Rifaaqat-99060.html
Twilly d’Hermès,https://www.fragrantica.fr/parfum/Hermes/Twilly-d-Hermes-46145.html
Sehr,https://www.fragrantica.fr/parfum/Lattafa-Perfumes/Sehr-94967.html
Prada L'Homme L'Eau,https://www.fragrantica.fr/parfum/Prada/Prada-L-Homme-L-Eau-46400.html
Uden,https://www.fragrantica.fr/parfum/Xerjoff/Uden-6306.html
Amber Oud Aqua Dubai,https://www.fragrantica.fr/parfum/Al-Haramain-Perfumes/Amber-Oud-Aqua-Dubai-96482.html
Soft,https://www.fragrantica.fr/parfum/Al-Rehab/Soft-20116.html
Electric Cherry,https://www.fragrantica.fr/parfum/Tom-Ford/Electric-Cherry-78583.html
Dom Rosa,https://www.fragrantica.fr/parfum/Les-Liquides-Imaginaires/Dom-Rosa-23083.html
Emporio Armani Stronger With You Tobacco,https://www.fragrantica.fr/parfum/Giorgio-Armani/Emporio-Armani-Stronger-With-You-Tobacco-90333.html
Q by Dolce & Gabbana,https://www.fragrantica.fr/parfum/Dolce-Gabbana/Q-by-Dolce-Gabbana-78873.html
Jasmin et Cigarette,https://www.fragrantica.fr/parfum/Etat-Libre-d-Orange/Jasmin-et-Cigarette-4518.html
Voce Viva,https://www.fragrantica.fr/parfum/Valentino/Voce-Viva-62754.html
Strawberry Letter,https://www.fragrantica.fr/parfum/Phlur/Strawberry-Letter-89909.html
Casablanca,https://www.fragrantica.fr/parfum/Swiss-Arabian/Casablanca-42181.html
Viking,https://www.fragrantica.fr/parfum/Creed/Viking-41698.html
Poeme,https://www.fragrantica.fr/parfum/Lancome/Poeme-171.html
Sicily,https://www.fragrantica.fr/parfum/Mancera/Sicily-42670.html
Black Sea,https://www.fragrantica.fr/parfum/Lorenzo-Pazzaglia/Black-Sea-69652.html
Love Tuberose,https://www.fragrantica.fr/parfum/Amouage/Love-Tuberose-50889.html
Vanille Absolu,https://www.fragrantica.fr/parfum/Montale/Vanille-Absolu-4064.html
Yes I Am,https://www.fragrantica.fr/parfum/Cacharel/Yes-I-Am-48112.html
Attrape-Rêves,https://www.fragrantica.fr/parfum/Louis-Vuitton/Attrape-Reves-51016.html
Limitless Shopping Via della Spiga,https://www.fragrantica.fr/parfum/Trussardi/Limitless-Shopping-Via-della-Spiga-59826.html
Remarkable People,https://www.fragrantica.fr/parfum/Etat-Libre-d-Orange/Remarkable-People-30504.html
Black Orchid Parfum,https://www.fragrantica.fr/parfum/Tom-Ford/Black-Orchid-Parfum-62199.html
Narciso Rodriguez for Him Bleu Noir Parfum,https://www.fragrantica.fr/parfum/Narciso-Rodriguez/Narciso-Rodriguez-for-Him-Bleu-Noir-Parfum-71783.html
Gucci Guilty,https://www.fragrantica.fr/parfum/Gucci/Gucci-Guilty-9677.html
Oceania,https://www.fragrantica.fr/parfum/Roja-Dove/Oceania-57385.html
Black Tie,https://www.fragrantica.fr/parfum/Celine/Black-Tie-57925.html
Vanille Planifolia Extrait 21,https://www.fragrantica.fr/parfum/Guerlain/Vanille-Planifolia-Extrait-21-87539.html
Intense Oud,https://www.fragrantica.fr/parfum/Gucci/Intense-Oud-32743.html
Malibu - Party in the Bay,https://www.fragrantica.fr/parfum/Simone-Andreoli/Malibu-Party-in-the-Bay-49244.html
Rose Prick,https://www.fragrantica.fr/parfum/Tom-Ford/Rose-Prick-58781.html
The Kingdom,https://www.fragrantica.fr/parfum/Lattafa-Perfumes/The-Kingdom-97995.html
H24 Eau de Parfum,https://www.fragrantica.fr/parfum/Hermes/H24-Eau-de-Parfum-75811.html
Affection,https://www.fragrantica.fr/parfum/Lattafa-Perfumes/Affection-92183.html
1 Million Privé,https://www.fragrantica.fr/parfum/Rabanne/1-Million-Prive-37698.html
Eau Sauvage,https://www.fragrantica.fr/parfum/Dior/Eau-Sauvage-231.html
Loewe 7 Cobalt,https://www.fragrantica.fr/parfum/Loewe/Loewe-7-Cobalt-66229.html
Enclave,https://www.fragrantica.fr/parfum/Amouage/Enclave-62856.html
Dune,https://www.fragrantica.fr/parfum/Dior/Dune-221.html
Cassiopea,https://www.fragrantica.fr/parfum/Tiziana-Terenzi/Cassiopea-30624.html
Chance Eau de Parfum,https://www.fragrantica.fr/parfum/Chanel/Chance-Eau-de-Parfum-31351.html
A La Rose,https://www.fragrantica.fr/parfum/Maison-Francis-Kurkdjian/A-La-Rose-29083.html
Sauvage Eau Forte,https://www.fragrantica.fr/parfum/Dior/Sauvage-Eau-Forte-95863.html
Acqua di Parma Blu Mediterraneo Arancia di Capri,https://www.fragrantica.fr/parfum/Acqua-di-Parma/Acqua-di-Parma-Blu-Mediterraneo-Arancia-di-Capri-1685.html
Cocaïne,https://www.fragrantica.fr/parfum/Franck-Boclet/Cocaine-44128.html
Nio,https://www.fragrantica.fr/parfum/Xerjoff/Nio-10244.html
L’Homme Idéal Platine Privé,https://www.fragrantica.fr/parfum/Guerlain/L-Homme-Ideal-Platine-Prive-80691.html
Not A Perfume Superdose,https://www.fragrantica.fr/parfum/Juliette-Has-A-Gun/Not-A-Perfume-Superdose-56679.html
Amethyst,https://www.fragrantica.fr/parfum/Lalique/Amethyst-1835.html
K by Dolce & Gabbana,https://www.fragrantica.fr/parfum/Dolce-Gabbana/K-by-Dolce-Gabbana-56358.html
Isola Blu,https://www.fragrantica.fr/parfum/Roja-Dove/Isola-Blu-80177.html
Insolence Eau de Parfum,https://www.fragrantica.fr/parfum/Guerlain/Insolence-Eau-de-Parfum-67537.html
Cape Heartache,https://www.fragrantica.fr/parfum/Imaginary-Authors/Cape-Heartache-22477.html
Turmeric Latte Perfume,https://www.fragrantica.fr/parfum/Lush/Turmeric-Latte-Perfume-72229.html
Dolce&Gabbana Pour Femme,https://www.fragrantica.fr/parfum/Dolce-Gabbana/Dolce-Gabbana-Pour-Femme-15335.html
Crème de Cuir,https://www.fragrantica.fr/parfum/BDK-Parfums/Creme-de-Cuir-51469.html
Fille en Aiguilles,https://www.fragrantica.fr/parfum/Serge-Lutens/Fille-en-Aiguilles-6619.html
Un Jardin Sur Le Toit,https://www.fragrantica.fr/parfum/Hermes/Un-Jardin-Sur-Le-Toit-11502.html
Moonlight,https://www.fragrantica.fr/parfum/Ariana-Grande/Moonlight-46410.html
Panettone,https://www.fragrantica.fr/parfum/Milano-Fragranze/Panettone-71006.html
Gucci Rush,https://www.fragrantica.fr/parfum/Gucci/Gucci-Rush-686.html
Flowerbomb Ruby Orchid,https://www.fragrantica.fr/parfum/Viktor-Rolf/Flowerbomb-Ruby-Orchid-70984.html
Egoiste,https://www.fragrantica.fr/parfum/Chanel/Egoiste-613.html
Sun-gria,https://www.fragrantica.fr/parfum/Lorenzo-Pazzaglia/Sun-gria-90748.html
Kayaan Classic,https://www.fragrantica.fr/parfum/Al-Wataniah/Kayaan-Classic-82472.html
King,https://www.fragrantica.fr/parfum/Bharara/King-74184.html
Honour Woman,https://www.fragrantica.fr/parfum/Amouage/Honour-Woman-12762.html
Acqua di Parma Colonia,https://www.fragrantica.fr/parfum/Acqua-di-Parma/Acqua-di-Parma-Colonia-1681.html
Blockade,https://www.fragrantica.fr/parfum/Mind-Games/Blockade-76717.html
Daisy Eau So Fresh,https://www.fragrantica.fr/parfum/Marc-Jacobs/Daisy-Eau-So-Fresh-10858.html
Springtime in a Park,https://www.fragrantica.fr/parfum/Maison-Martin-Margiela/Springtime-in-a-Park-55927.html
Secretions Magnifiques,https://www.fragrantica.fr/parfum/Etat-Libre-d-Orange/Secretions-Magnifiques-4523.html
Holidays,https://www.fragrantica.fr/parfum/Mancera/Holidays-42888.html
Santal Blush,https://www.fragrantica.fr/parfum/Tom-Ford/Santal-Blush-12766.html
Ajwad,https://www.fragrantica.fr/parfum/Lattafa-Perfumes/Ajwad-75099.html
Lust in Paradise,https://www.fragrantica.fr/parfum/Ex-Nihilo/Lust-in-Paradise-53588.html
Irish Leather,https://www.fragrantica.fr/parfum/Memo-Paris/Irish-Leather-18393.html
Coach Love Eau de Parfum,https://www.fragrantica.fr/parfum/Coach/Coach-Love-Eau-de-Parfum-83465.html
Putain des Palaces,https://www.fragrantica.fr/parfum/Etat-Libre-d-Orange/Putain-des-Palaces-4521.html
Perles De Lalique,https://www.fragrantica.fr/parfum/Lalique/Perles-De-Lalique-1833.html
En Passant,https://www.fragrantica.fr/parfum/Frederic-Malle/En-Passant-2793.html
Boss Bottled Night,https://www.fragrantica.fr/parfum/Hugo-Boss/Boss-Bottled-Night-8825.html
Elysium Pour Homme Eau Intense,https://www.fragrantica.fr/parfum/Roja-Dove/Elysium-Pour-Homme-Eau-Intense-81839.html
Pas Ce Soir Extrait,https://www.fragrantica.fr/parfum/BDK-Parfums/Pas-Ce-Soir-Extrait-83663.html
Acne Studios,https://www.fragrantica.fr/parfum/Frederic-Malle/Acne-Studios-91209.html
CH Men,https://www.fragrantica.fr/parfum/Carolina-Herrera/CH-Men-6759.html
Palatine,https://www.fragrantica.fr/parfum/Parfums-de-Marly/Palatine-96023.html
Tobacco,https://www.fragrantica.fr/parfum/Franck-Boclet/Tobacco-29147.html
Vanille Leather,https://www.fragrantica.fr/parfum/BDK-Parfums/Vanille-Leather-82783.html
Ambre Nuit,https://www.fragrantica.fr/parfum/Dior/Ambre-Nuit-48395.html
Blue Moon Ginger Dash,https://www.fragrantica.fr/parfum/By-Kilian/Blue-Moon-Ginger-Dash-79731.html
The Dark Side,https://www.fragrantica.fr/parfum/Francesca-Bianchi/The-Dark-Side-40884.html
Thé Yulong,https://www.fragrantica.fr/parfum/Giorgio-Armani/The-Yulong-58907.html
Snowy Owl,https://www.fragrantica.fr/parfum/Zoologist-Perfumes/Snowy-Owl-64381.html
Angel Muse,https://www.fragrantica.fr/parfum/Mugler/Angel-Muse-36416.html
Scandal Absolu,https://www.fragrantica.fr/parfum/Jean-Paul-Gaultier/Scandal-Absolu-91052.html
Le Male Lover,https://www.fragrantica.fr/parfum/Jean-Paul-Gaultier/Le-Male-Lover-89720.html
Qimmah for Women,https://www.fragrantica.fr/parfum/Lattafa-Perfumes/Qimmah-for-Women-82793.html
Duchessa,https://www.fragrantica.fr/parfum/Gritti/Duchessa-63729.html
Miss Dior Blooming Bouquet (2023),https://www.fragrantica.fr/parfum/Dior/Miss-Dior-Blooming-Bouquet-2023-78945.html
212 VIP Men,https://www.fragrantica.fr/parfum/Carolina-Herrera/212-VIP-Men-12865.html
Pure XS,https://www.fragrantica.fr/parfum/Rabanne/Pure-XS-46038.html
Angel Dust,https://www.fragrantica.fr/parfum/Fugazzi/Angel-Dust-73921.html
Rose 31,https://www.fragrantica.fr/parfum/Le-Labo/Rose-31-3678.html
Dirty Rice,https://www.fragrantica.fr/parfum/BORNTOSTANDOUT/Dirty-Rice-78862.html
Bad Boy Cobalt Elixir,https://www.fragrantica.fr/parfum/Carolina-Herrera/Bad-Boy-Cobalt-Elixir-89374.html
Comme des Garcons 2,https://www.fragrantica.fr/parfum/Comme-des-Garcons/Comme-des-Garcons-2-390.html
Eros Pour Femme,https://www.fragrantica.fr/parfum/Versace/Eros-Pour-Femme-28958.html
Tobacco Collection Rich Warm Addictive 2021,https://www.fragrantica.fr/parfum/Zara/Tobacco-Collection-Rich-Warm-Addictive-2021-69134.html
Declaration,https://www.fragrantica.fr/parfum/Cartier/Declaration-307.html
Insurrection II Wild,https://www.fragrantica.fr/parfum/Reyane-Tradition/Insurrection-II-Wild-30721.html
Sugar Kisses,https://www.fragrantica.fr/parfum/Lorenzo-Pazzaglia/Sugar-Kisses-88326.html
Roses on Ice,https://www.fragrantica.fr/parfum/By-Kilian/Roses-on-Ice-62616.html
Light Blue Forever pour Homme,https://www.fragrantica.fr/parfum/Dolce-Gabbana/Light-Blue-Forever-pour-Homme-66556.html
Burberry Her Eau de Toilette,https://www.fragrantica.fr/parfum/Burberry/Burberry-Her-Eau-de-Toilette-71379.html
Crystal Saffron,https://www.fragrantica.fr/parfum/Matiere-Premiere/Crystal-Saffron-76131.html
Trussardi Donna (2011),https://www.fragrantica.fr/parfum/Trussardi/Trussardi-Donna-2011-13066.html
Leisure in Paradise,https://www.fragrantica.fr/parfum/Simone-Andreoli/Leisure-in-Paradise-61927.html
Hayati,https://www.fragrantica.fr/parfum/Attar-Collection/Hayati-50344.html
Jimmy Choo Fever,https://www.fragrantica.fr/parfum/Jimmy-Choo/Jimmy-Choo-Fever-49615.html
Terracotta Le Parfum,https://www.fragrantica.fr/parfum/Guerlain/Terracotta-Le-Parfum-24785.html
Mod Blush,https://www.fragrantica.fr/parfum/Ariana-Grande/Mod-Blush-77800.html
